0|1|2|3|4|5|6|7|8|9|10|11|12|13|14|15
-0.6367545|0.7493107|0.10882144|0.19675134|-0.68639594|0.8597951|-0.20153287|0.46722114|-0.32988134|0.5632413|0.6233242|0.5936103|0.24323517|0.5864878|-0.21723147|-0.34343717
-0.5573815|-0.6059383|-0.24230339|-0.59002125|-0.7090815|0.6767715|0.4526955|0.44930452|0.59495527|0.5888157|0.42446682|-0.46587744|-0.6493345|-0.7130094|-0.3922457|0.5864169
-0.7915596|-0.3069028|0.484569|-0.7538469|-0.74114573|0.43081975|-0.4600818|-0.39968252|-0.53976166|-0.07823017|-0.5321636|0.80059344|0.5372341|-0.44916666|-0.3782907|0.94294494
0.33473802|-0.060597345|0.5046966|0.2798349|-0.3016966|-0.6985224|0.36803737|-0.36005288|-0.040623866|0.7609741|0.27298647|-0.3609717|-0.330493|0.69248873|-0.81052774|0.92444384
-0.052871667|-0.20360723|-0.42930415|-0.27812093|0.19700134|-0.9049567|1.0340799|0.6904093|0.18554167|-0.91579574|-0.63468677|0.010321874|0.17945476|-0.69737774|0.25274932|-0.012189767
-0.25148022|0.07561814|-0.5579335|0.11972674|0.30189875|-0.86396337|0.3246253|0.5836265|-1.0480905|-0.91686875|-0.41877797|-0.22993723|0.3149759|-0.0034009542|0.4228321|0.14896706
0.055453483|-0.27675423|-0.27750838|-0.060981724|-0.37289777|-0.8004404|0.0453839|0.46057326|0.24425124|-1.1936585|0.013196594|-0.47476196|0.22706838|-0.17456289|-1.025687|0.031159857
-0.77589285|-0.590711|0.4662751|0.4205774|-0.83575386|0.7535077|-0.47192043|0.50236124|0.504494|0.63257074|-0.48646045|1.0693843|0.45991233|-0.15154865|-0.10112424|-0.8687083
0.0684001|0.06236549|-0.8844276|-0.36998934|-0.78085494|0.81433636|-0.16456108|0.14015876|-0.874261|0.20661291|-0.5225611|0.91025555|0.40848395|-0.38762575|-0.893769|-0.63036704
-0.341742|-0.92035747|-0.5841205|-0.37887114|0.34587157|-1.1614789|0.78585726|0.21215923|0.0041575716|-0.5284618|-0.59336185|-0.21223839|0.42314926|-0.22738585|0.30107412|-0.45884022
0.39648035|0.6229387|0.61778665|-0.7300475|-0.68372226|0.72068137|0.69105077|-0.10906291|-0.6973087|0.59852886|-0.38963842|0.44885376|0.26980507|-0.05006276|-0.08473481|0.5430815
-0.023930522|0.038553704|-0.051032215|0.15765333|0.15922701|-0.81361943|0.31718588|0.5201986|-0.04721778|-0.37780303|-0.24670619|-0.3429531|0.44592384|0.05185811|1.3126694|0.21834737
-0.759084|-0.7777608|0.6129588|-0.6326335|-0.14735724|0.667775|0.9944785|-0.447639|-0.7103067|0.5911316|-0.51128906|0.33669838|-0.6260879|0.16809204|-0.28856906|-0.78475475
0.1278052|-0.23322211|0.8629624|0.1407867|0.12873143|1.1003624|-0.36594355|-0.5473703|0.084314235|0.61699384|-0.24552163|-0.25288567|0.73721075|0.21384445|0.07628991|0.017998446
0.29372057|-0.36587793|1.3349861|0.23430443|0.3287824|-0.07636007|-0.68242246|0.20905343|-0.2752314|0.17635603|0.6543614|-0.11210409|-0.037769236|0.71676517|-0.40570274|-0.02970444
-0.2655854|-0.21807571|-0.35405797|0.024067713|-0.18448026|-0.87577313|0.54579985|0.41153714|0.08252243|-0.7028666|-0.056678306|0.40992936|0.35323682|-0.12789881|0.7750906|0.28622466
-0.06463319|0.4178062|-0.6702432|0.31724182|-0.23609984|-1.1045835|0.7088093|0.40576208|0.33636448|-0.5457949|-0.49204078|0.116706245|0.6617576|-0.037826527|0.77482885|-0.4697384
-0.20534928|-0.38449556|-0.46576652|0.777689|-0.30363503|-0.9233414|0.6356163|0.6478305|0.25207126|-0.5320985|-0.47489774|-0.33675346|0.095963955|-0.47317237|0.16602999|0.11922593
1.5199753|0.28799966|-0.19449687|0.28605294|0.080758125|0.23765777|-1.1159279|-0.5892914|1.0554535|-0.27012116|-0.26631817|0.44546774|0.10199765|0.48549706|-0.8030274|-0.11505526
-0.6519803|-0.14846404|0.31823996|-0.82368743|-0.9710926|0.79610366|-0.37745646|0.57063615|-0.36584318|0.5888138|0.4561232|0.4367897|-0.579512|-0.7271725|-0.6805013|-0.6335537
0.14407983|-0.15307535|-0.02175749|1.3989718|0.2558047|-0.20872743|0.60776377|-0.03176745|0.1265514|-0.25460938|0.014060665|-0.27113056|-0.10958809|0.35837027|0.31094587|-0.033593837
0.7256072|0.30380994|0.37692425|0.50281507|-0.16363221|0.4756908|-0.9135383|-0.064754635|-0.58172333|0.16782972|0.55645704|0.7836622|0.45859796|0.201401|-0.2716248|-0.15857646
-0.26892385|-0.046567205|-0.40997165|0.14036396|-0.11207984|-0.7693893|0.8018088|0.95009357|-0.03136912|-1.016346|-0.27711198|0.022143994|0.27968636|-0.2472213|0.35370553|-0.10010972
0.052979454|-1.3668686|-0.2031513|0.2328089|0.6026614|-0.41000226|0.10818369|0.2490615|0.17681223|-0.68349385|-0.07744673|-0.2756221|-0.07581463|0.116463386|0.25707483|-0.11161754
0.014510303|0.3613988|0.39459363|-0.51420534|-0.40117413|0.749007|-0.4218927|-0.36654982|-0.15209283|0.9353974|0.16527116|-0.42145643|0.11004257|0.032736227|0.13330698|0.32649422
-0.045845527|-0.11937941|-0.5563448|0.24419533|0.24315463|-0.9316556|0.521058|0.84115607|0.42541325|-0.741622|-0.44666716|0.124479845|0.2805901|-0.5424977|0.7944599|0.3652797
-0.6158827|0.5192984|-0.2705782|-0.7119789|-0.73752725|0.68440616|-0.190099|0.3605848|-0.37640244|-0.13076082|-0.77472323|0.7627347|-0.30230886|-0.658202|-0.29184103|0.34671247
0.6212717|-0.38653815|-0.40003592|-0.34908447|0.6199888|-0.099380404|-0.75598973|-0.46419224|0.5827826|0.2953855|0.24062511|-0.7933737|-0.7132578|0.452385|-0.472773|0.22482358
-0.77500117|0.06171148|-0.47027487|-0.7255311|-0.5722413|0.78223085|0.00960605|0.20866802|-0.54834586|-0.052394483|0.51041937|0.33071175|0.52350825|-0.8746203|-0.23308997|-0.5980973
0.56314594|0.56572783|0.19675449|-0.849883|-0.25580105|0.71742666|0.7150414|-0.113493584|-0.34383696|0.5425628|-0.7456019|0.8504202|0.45728382|0.004918738|-0.14088443|0.8176456
-0.15518588|0.5895793|0.623674|-0.32590365|-0.0082466565|1.0348519|-0.5879196|-0.15953939|-0.12865269|0.44909236|-0.09395406|-0.43118447|-0.25966966|-0.28419524|-0.5871549|0.5581174
-0.34502476|-0.24720597|-0.33344987|-0.10194482|-0.46784404|-0.92523694|0.40494755|0.5404872|0.27074575|-0.7715341|0.07648555|-0.025228726|0.33193123|-0.60138506|0.620317|0.08167526
0.29318357|0.2542287|0.77481776|-0.3068975|0.36388963|0.56269026|-1.2534951|-0.55457455|0.026251173|-0.14036757|-0.09801071|-0.21892917|-0.34035897|-0.3564833|-0.586367|-0.20315304
-0.048177358|-0.4341208|0.29619312|0.32981366|-0.088030875|-0.0120017305|0.3461409|-0.08328417|-0.0943532|0.99567676|0.24202773|0.08713312|1.1892385|0.33092418|-0.43641213|0.28860226
0.076609634|0.85208803|0.17667082|0.24623823|0.022722693|-0.21331891|0.018229222|0.97922736|0.25453556|-1.0014747|-0.2674097|-0.18691905|0.4544701|0.1414872|-0.16555466|0.13860741
0.24145436|-0.28876862|0.19666936|0.9584918|0.18569933|-0.234906|-0.080557406|-0.09533698|0.25663957|-0.25758225|0.10856193|-0.67538226|0.9323685|0.46789274|0.14988855|-0.21963651
-0.021683168|-0.15421757|0.14146675|0.22494742|0.32240212|-0.037809223|-0.18137826|-0.14418258|0.21689981|-0.20987292|0.15991317|-0.33400378|-1.0341227|0.9466266|0.9750502|-0.06477472
-0.41192982|-0.5636477|-0.14981854|0.4220211|-0.4393394|-0.8139259|0.4268755|0.50529766|-0.30008906|-0.4710075|-0.567881|-0.26121455|0.49336496|-0.16513497|0.637712|-0.5647152
-1.1897748|-0.115878634|0.29144928|0.3032672|0.09171136|-0.17062128|-0.10928627|-0.059049714|1.1171459|-0.31901044|-0.15422635|-0.41047353|-0.11198911|0.16633749|0.16516596|-0.05210152
0.10385841|0.52830243|-0.56639564|0.28501958|-0.41794267|-0.9200175|0.49629524|0.5310511|0.36704838|-0.86393875|-0.37753665|-0.08337831|0.50354546|-0.36148787|0.7763587|0.20120911
-0.06323572|-0.07535526|0.5300392|-0.01152979|-0.20516044|1.0313764|-0.6104013|-0.009673691|-0.22060943|0.48822168|0.32432473|0.084622465|0.059339672|0.3591668|-0.0010963645|0.49715212
-0.3413177|-0.16552283|-0.45009542|-0.5455914|-0.289443|-0.70356554|0.46467084|0.32141098|0.36583403|-0.8673511|-0.45059797|-0.56450504|0.5436803|-0.6418415|0.48299843|-0.5668961
0.13630229|-0.31335565|-1.28635|-0.08525511|0.12519664|-0.9413956|0.4954974|0.16973677|0.32620963|-0.53242797|-0.06044427|-0.22291902|0.15473014|0.06950608|0.22776784|0.17468964
0.004130737|-0.025930246|-0.00043613825|0.08885659|0.0933161|-0.70636237|0.4009418|0.42324328|0.12656327|-0.67979324|-0.26595667|-0.2922561|0.26299945|0.10348641|0.6456172|1.278765
-0.15233214|0.50549424|0.12281841|0.50479186|-0.7991323|-0.17449886|-0.5001235|-0.85796034|0.09114776|0.9053971|-0.35000497|0.27614188|0.4259561|-0.74594456|-0.7649901|1.1712523
-0.35681793|-0.18720344|-0.24875471|-0.20425287|-0.030398209|-0.7071209|0.76421577|0.42125034|0.07008536|-0.8125122|-0.2641406|-0.05215323|0.27527714|-0.49014992|0.4963826|-0.91866016
-0.31288752|-0.20382737|-0.08161829|0.13388708|-0.20610592|-1.0751622|0.47487038|0.49919742|-0.13291101|-0.46289963|-0.30414754|-0.22747758|0.39547703|-0.61882013|0.73227113|0.30817473
-0.85991555|-0.9282154|0.42589572|0.33103645|-1.0382977|0.43278626|-0.29111928|0.37480485|-0.7192353|0.4547329|0.7543383|-0.53770834|-0.4266237|0.101729065|-0.3136928|0.82852346
-0.41237795|-0.7526205|-0.4170429|-0.31800342|0.031150607|-0.78347814|0.54123175|0.39149278|-0.13580723|-0.7446457|-0.3356157|-0.122537725|0.4623263|-0.19935712|0.6564166|0.09847723
0.05657569|0.708191|0.45197958|-0.20960622|0.5057051|0.6509164|-1.065846|-0.8321095|-0.03204714|0.08887163|-0.031458057|-0.1438115|-0.43735617|-0.25422496|-0.5664911|0.27191722
-0.40012243|0.18204159|0.8700156|-0.8618085|0.5810666|0.6038485|-0.53258604|-0.4634759|0.13705388|0.87498254|0.70423406|0.28716505|-0.2097389|0.49577692|-0.007265822|-0.53718245
-0.24806023|-0.25037113|-0.2536882|0.1459556|0.092741355|-0.36775848|0.33505273|0.31874087|0.13452137|-0.8158485|-0.35632327|0.060355097|0.24415876|0.021551296|0.3397746|-1.4083922
-0.061167564|-0.3022796|-0.45235193|-0.07716467|-0.026648404|-0.4499512|0.38811338|0.4059618|1.4684895|-0.7355283|-0.18275811|-0.11331977|-0.18011647|-0.032831736|0.28893495|-0.024034662
0.09770055|0.16433313|0.7863097|-0.16797478|-0.39750427|0.888514|-0.5791903|-0.26794633|-0.09333871|0.67019206|0.282908|0.107853614|-0.009501478|-0.123206325|-0.47044617|0.52944577
0.07504987|0.2654303|0.6595472|-0.35888916|-0.27178952|0.99414337|-0.5449522|-0.25061178|-0.3595303|0.83658403|-0.01506917|-0.23315154|-0.10209607|-0.008371497|-0.29063898|0.43081772
-0.056113254|0.29506102|0.33686414|-0.31809193|-0.31321365|0.8100196|-0.4257538|-0.88473934|0.09365859|0.21003217|0.33451343|-0.755575|-0.3787937|-0.24333027|-0.56523734|0.3698474
-0.21754053|0.40702277|-0.113968335|0.59739566|-0.3873926|-0.0177884|-0.48434362|-0.20430484|-1.1362537|0.5871862|-0.5398002|-0.40793|0.70330817|0.3815246|-0.4836512|0.20268248
-0.25897554|0.3519796|0.7698169|-0.27049226|-0.3193956|0.823948|-0.584728|-0.24106927|-0.39493355|0.64903104|-0.07400767|-0.37834534|-0.31624174|0.3429103|-0.34380725|0.48682424
-0.21837792|0.01475661|-0.45306474|-0.15612131|0.015920235|-0.7146487|0.6168873|0.79421467|0.38713154|-0.8487975|-0.79427963|-0.04538537|0.111226335|-0.53761244|0.35357288|0.12233937
-0.034510203|-0.19808011|-0.3703352|0.056732778|-0.020481443|-0.7689688|1.251807|0.6628664|-0.2724262|-0.63482356|-0.4741713|-0.12011319|0.25579593|-0.017981237|0.38749194|0.21946995
-0.011724761|1.0451238|-0.51993155|0.07505042|-0.6799642|0.7212838|-0.4495903|0.52438843|-0.6703712|0.16874327|0.71231246|0.7395847|0.35474983|0.028512789|-0.62568444|-0.56172913
0.35387167|-0.4806284|-0.6934511|-0.8466343|-0.79031044|0.5436488|0.20051496|-0.23246619|-0.58157045|0.07655257|0.5530854|0.7733309|0.18304354|-0.7922622|-0.29566303|0.56046987
-0.5210697|0.24028954|-0.014231383|0.44275847|-0.615638|0.2473223|0.679857|0.2592214|-1.0020007|0.6489206|0.5357733|0.5826462|0.4296378|-0.6569716|-0.0817717|-0.5770438
-0.6523605|0.5388532|0.4984985|0.22353734|-0.91444975|0.7323417|-0.4057516|0.47084588|0.90856016|0.5180172|-0.58614266|0.7426609|-0.42242807|-0.1734156|-0.5706417|-0.8837469
-0.59389454|0.4760873|0.12686403|0.259991|-0.49692705|0.9397315|0.66130036|-0.37354022|-0.4915204|0.6701472|0.5874812|0.7348831|0.4818209|-0.16163392|-0.41312805|-0.5398965
0.48247468|0.80447006|0.97254026|0.48498902|0.38882354|0.6808758|-0.20714024|0.49449024|0.65819645|0.44301656|0.49649265|-0.5443869|-0.2843189|0.30231467|-0.7532433|-0.005239385
0.3937118|0.5919611|0.85935426|-0.6620409|0.2271276|1.0130376|0.80031973|-0.5073618|0.13135599|0.62431633|0.922296|-0.4573775|0.47548115|-0.9592279|-0.2013382|-0.5252808
0.5901207|-0.48867595|-0.5652264|0.33553028|-0.63501847|0.906627|-0.8197829|-0.48988965|0.5950262|0.6151046|-0.22919698|0.6344019|0.4681317|-0.53404385|-0.35505712|0.880368
-0.5104384|0.21941502|-0.470375|0.30473834|-0.52691096|0.75948393|0.2562015|-0.8465652|-0.6276538|0.4360092|0.41333565|0.85997736|-0.647386|-0.71671975|-0.03833777|0.5183442
-0.66530246|0.51596487|0.5533377|-0.83213747|-0.7185475|0.79517835|-0.18463035|0.42172506|-0.5607196|0.06223588|-0.4689285|0.78052634|-0.3944406|-0.2918564|-0.5923439|-0.6482495
-0.723193|-0.65959924|0.39399672|-0.14267354|-0.74880326|0.1796028|0.012884138|-0.11070881|-0.67450917|0.6331951|0.57479155|0.7444067|0.47245395|-0.9254054|-0.6663605|0.7489738
-0.58715534|-0.5076825|-0.5160841|-0.85166776|0.36992022|0.8249927|0.68366766|-0.57137346|0.5496926|0.84647167|0.5984494|0.6738392|-0.41124833|-0.3311121|-0.00733454|-0.6136075
0.42293462|-0.6907641|0.2322058|-0.6714867|-0.5606191|0.78225046|0.7515316|-0.5122485|-0.4943038|0.40242368|0.6352704|0.36706153|-0.24411866|-0.30523062|0.5620948|0.8556137
0.45294335|-0.63856125|-0.60429764|-0.86002207|-0.86665785|0.82793146|-0.40250596|-0.45954815|0.58479273|0.60876167|-0.60923517|0.08340064|-0.483127|-0.06381069|-0.25947937|-0.7097248
0.82163626|0.17056616|-0.49446052|-0.68299174|-0.819915|0.5427877|0.04106108|0.5635567|-0.7053205|0.41558763|-0.2810807|0.7329082|0.4065282|-0.19697088|0.0017022984|-0.65128154
-0.5702308|-0.31579417|-0.23140596|-0.0096835755|0.28676134|-0.5793196|0.13887365|0.6089506|0.19638889|-0.7289342|1.3360691|-0.72208077|-0.26815453|0.23190667|0.26593256|-0.13534762
0.22959282|-0.19130456|0.09414535|0.20646277|0.29650512|-0.37722206|-0.083367385|0.17940708|0.10771383|-1.4875561|-0.012356801|-0.40803754|-0.19595328|0.17543925|0.32406545|-0.11481538
0.31996778|-0.04861468|0.07539876|0.81021655|0.44348907|0.5342866|-0.41150078|-1.0088923|-0.42424732|0.43679062|0.19442959|-0.21317552|-0.37542042|0.0077703097|-0.71141183|-0.78007376
-0.017889729|-0.33999628|-1.2435647|-0.19212604|0.5711945|-0.68865603|0.38254935|-0.014778276|0.19359565|-0.44524702|-0.04392408|-0.0038118311|0.3201564|0.117490396|0.646538|0.21815158
0.5682239|0.66183597|-0.6880766|-0.35713756|-0.6071813|0.9966405|-0.63192594|0.019624494|0.32452878|0.033536647|0.90653145|0.24738593|0.58040875|-0.8468683|-0.63059384|-0.6190542
-1.1954522|-0.039987072|-0.057312082|0.11317795|-0.0055681486|0.019012518|-0.17134063|-0.35037935|0.43848836|0.914122|-0.13944533|0.121539466|-1.1404095|0.28922534|-0.07104535|-0.7439052
0.38338396|-0.7504591|-0.38482255|-0.8278761|-0.82786894|0.87096465|-0.23471089|-0.4134467|-0.31590286|0.036566336|-0.53290355|0.12891993|0.51724523|-0.7017609|0.15471107|-0.5734951
-0.24895982|0.33149087|-0.45600528|0.43260327|-0.61248994|0.84727985|0.8907729|-0.22521973|-0.5469339|0.8581566|0.78826195|-0.008607333|-0.5506823|-0.88044375|-0.5771457|0.7318184
0.59838164|0.31712675|-0.48620856|-0.56923985|-0.68515027|0.79873466|0.3677517|0.83511984|-0.78696036|0.35777196|0.4804662|-0.1910247|-0.027300125|-0.6557765|-0.19937779|0.7510074
-0.33722878|0.21654943|0.46744344|-0.450839|0.2046301|0.94149774|-0.9627441|-0.19370246|-0.22400495|0.5555572|0.6527179|0.063212335|-0.21649244|0.4680108|-0.44053012|0.5381837
0.22721758|-0.08207565|-1.4549623|0.695447|1.0176286|-0.40507323|-1.035435|0.57927275|-0.12689586|-0.9339913|0.23801588|-0.3474941|-0.14308311|0.084995285|0.20288932|-0.5249647
-0.7123126|0.34985504|-0.48874736|0.597403|-0.12827832|0.81957996|-0.30482236|-0.953229|-0.69792664|0.3662555|-0.37244177|0.7117616|0.9732557|-0.5284249|-0.14079548|-0.68309796
0.60635287|0.35156256|-0.6188978|-0.56278884|-0.57482344|0.93286675|0.5008364|0.43194038|-0.71217716|0.32332176|0.48751244|-0.007268174|0.29527494|-0.67432165|-0.07110707|0.70635957
-0.112321325|0.84238183|-0.19435056|-0.46225324|-0.9159033|-0.34015718|-0.44485113|0.46007884|-0.18315198|0.34332418|0.70176166|-0.027223194|-0.92411864|-0.77159816|-0.51144665|0.61050594
0.058048468|-0.40391463|0.6060348|-0.17647818|-0.7998561|0.7785304|0.73568285|-0.34707317|-0.5623788|0.5021717|-0.22888353|0.7189241|0.6249544|-0.7844977|-0.0102291675|-0.5543278
0.4027211|0.30682108|-0.63571495|-0.8118187|-0.5982044|-0.08183034|-0.39909852|-0.1325262|-0.5066547|0.3389378|0.66537434|1.1537714|0.40277022|0.91656816|-0.14103119|0.8288707
-0.70129174|0.50407493|-0.68851644|-0.78934795|-0.9126591|0.63499314|-0.20904255|-0.5655872|0.51749086|0.46132475|0.6625825|-0.27582446|-0.5656055|-0.27633607|0.17674962|0.725352
0.35744336|0.50036013|-0.15176228|0.50548273|-0.82617027|1.1022668|0.7533429|0.5022339|-0.23934835|0.53220487|-0.06881671|0.6035122|0.3193437|-0.6061542|-0.13155857|-0.42980614
-0.008155627|-0.5196104|-0.5360042|-0.74516326|-0.83918697|0.8211432|-0.32203868|-0.62267506|-0.36708692|0.41680792|0.7714728|0.54935527|0.6444278|-0.72283983|-0.6911351|-0.780354
0.15541668|0.33085826|-0.25244364|0.5046349|-0.70622665|0.73787606|0.8139553|-0.7781085|-0.6684715|0.5679069|0.72760427|0.42380384|-0.47743133|-0.8629944|-0.66242206|-0.71040606
0.50196433|0.6687992|-0.44973624|-0.7787766|-0.7715806|-0.22176501|0.8537307|-0.2531988|0.14542381|0.27199337|0.6264974|0.7074981|0.1089078|-0.78888744|0.04179749|-0.5263091
0.4971906|0.47513002|-0.2327454|0.44590518|-0.81164604|-0.39219594|0.22705516|-0.15905702|-1.1637731|0.53580165|1.2460046|-0.13375248|-0.969984|-0.8203534|-0.22905892|-0.29306027
-0.6844819|-0.7064496|-0.59742016|0.45745692|-0.74191856|0.74182945|-0.47506836|0.059814896|-0.39904663|0.24860609|-0.5045286|0.39701644|0.61229223|-0.7284615|-0.5112833|-0.6254684
-0.23994167|0.44318298|-0.2567731|0.41298196|-0.42713508|0.7279683|-0.34138188|0.82780516|-0.5723489|0.21557102|0.7803929|0.5157786|0.15695786|-0.9444999|0.109913096|0.7237564
-0.6186645|-0.27566373|0.006145517|0.30382732|-0.7657515|0.74371195|0.61882454|-0.51604515|-0.6278837|0.8731223|0.61628276|-0.013785991|-0.55171484|-0.2975919|-0.33677596|-0.8691768
-0.7026453|0.41450524|0.1175354|0.48755828|-0.20826657|0.778945|0.69134706|-0.051896613|-0.4745785|0.53845495|0.43040526|0.8626365|0.49902096|-0.55701876|-0.020584606|-0.5639252
1.1803334|0.26189187|0.44412366|-0.12474881|-0.31412753|-0.24173161|0.011787708|-0.3528222|-0.16588703|0.089335345|-0.17332834|-0.1631586|0.49733657|0.5253177|0.18594484|0.31864256
0.09656787|0.5809599|-0.81371367|0.44904846|-0.501428|0.26566017|-0.053961806|0.9732095|-0.60419536|0.38904628|0.44925204|-0.2534903|-0.5523945|-0.29406697|-0.1185207|1.0350026
0.57001907|0.44238234|-0.39321092|0.21592835|0.13637865|0.73127717|-0.87136376|-0.9017723|0.15729219|0.34980983|0.15588012|-0.8160878|-0.37315893|-0.12629105|-0.5220727|0.7170466
0.094289124|0.2065993|0.93015814|-0.18498051|0.034876414|0.2932406|-0.49610412|-0.55290186|0.3087956|0.6092554|0.24146175|1.0328965|0.24694298|0.44172496|-0.11470567|0.25775668
-0.14499237|-0.10872291|-0.5191413|0.10728596|-0.41399992|-0.84139633|0.4277933|0.90041035|0.20345311|-0.81702644|-0.44438297|-0.31085286|0.30108398|-0.53236574|0.33202222|0.11059859
0.20880085|-0.14809346|-0.102337815|-0.69921076|0.4531369|0.24349917|-0.34683287|-0.3362142|-0.31939495|0.9428722|0.21853833|-0.25266072|-0.8775652|-0.023373816|-0.19514905|-0.45290053
-0.07365058|-0.20655197|-0.63997555|0.19864778|0.053155754|-0.68700665|0.6667537|0.8339758|-0.17958896|-1.0001788|-0.34422275|-0.08068249|0.3534059|-0.5812244|0.27063006|0.32278267
0.98321426|0.5260449|0.20508704|-0.5458846|0.84486574|0.26758733|-0.7197858|-0.02437376|-0.76966393|1.1307123|0.33253387|-0.22928579|0.17635758|0.22885793|-0.12187065|-0.24378413
0.14755782|-0.08947068|0.0039466796|0.20971307|-0.7942964|1.137403|0.05737464|-0.010860624|0.2091911|-0.41278148|-0.058172595|-0.36767864|-0.10818498|0.7566741|0.2693827|-0.061195668
0.3806958|0.61212915|-0.96802014|-0.82426536|-1.2087659|0.06600373|0.10425887|-0.14026582|-0.4505334|-0.42041463|0.5755272|0.50483155|0.45862785|-0.07381322|-0.5117719|-0.5117032
1.278877|-0.31222206|-0.10050574|-0.1675518|0.45322278|0.4195854|-0.33568043|-0.69262564|0.09634322|0.08885067|0.8797436|0.27454954|-0.108621046|0.8367263|-0.4604037|0.06292059
-0.54154325|0.514021|0.48733887|-0.31852317|-0.68297446|0.6541318|-0.67254305|-0.08452329|-0.39020807|0.80111015|0.07333378|0.013089432|-0.06919929|-0.59762174|-0.19158122|0.6978149
0.16994664|-0.11424171|0.624403|0.003932472|0.14443369|0.6591689|-0.681764|-0.22434929|-1.2359349|0.40052706|0.4569195|-0.45612735|-0.32861605|0.047445875|-0.49708474|0.46748927
0.49067888|1.0684665|0.04477396|0.24549374|-0.4849349|-0.050094023|-0.69637054|-0.33259195|-0.5686073|-0.21714115|0.20060787|-0.0340491|-0.059107598|-0.48949417|-0.8088843|0.03639607
0.03445322|0.6036799|0.89802647|-0.37877575|0.44036767|0.36057553|-1.6394027|-0.6472801|0.36094117|0.037757475|-0.17032804|0.04301903|-0.22437327|0.44202155|-0.13225645|-0.30655602
0.09732917|0.36772835|-0.5753939|-0.5192074|-1.1028712|0.8021266|0.8022834|-0.3956116|-0.4119811|0.4084304|0.71222085|0.062638916|0.6561655|-0.19261588|-0.03685768|0.54366374
-0.811381|0.28548813|-0.15402384|-0.043009367|0.18293847|-0.19616693|-0.83034176|-0.74388707|0.044012595|0.43114856|0.5558927|-1.2723346|-0.110053234|-0.19686069|-0.6054262|-0.7008709
-0.72777796|-0.98902637|0.5238348|0.3943233|-0.17715797|-0.51763946|-0.08324054|-0.74158114|-0.695215|0.62205434|0.7258332|-0.0953007|-0.52693367|0.28234497|0.13443354|0.8760167
-0.41812125|-0.53089315|-0.39939672|0.07126634|-0.3499592|-0.79592663|0.6704439|0.4809015|0.32032144|-0.7376531|-0.4280841|0.4856763|0.6184894|-0.2892589|0.36407256|-0.5833802
-0.16424486|0.07180102|-0.44545236|0.092565924|0.37535784|-0.3967653|0.09067918|0.20949647|0.42104638|-1.8838674|-0.04948572|-0.32532644|-0.26872998|-0.25233522|0.36945823|-0.14518318
0.64543194|0.92205113|-0.41159743|-0.25093862|0.79459935|-0.42019325|0.057448577|-0.7004298|-0.46419576|0.21722856|0.4095926|0.28601637|-0.27390075|-0.42981115|-0.28822297|-0.4971133
-0.2595908|0.16521265|0.66737866|-0.4877761|0.121571854|0.5178684|-0.5368265|-0.37426952|-0.43637356|0.6851187|1.0937532|0.18920684|-0.093367405|0.34366786|-0.25963238|-0.062582046
0.7094005|0.21477896|-0.5232194|-0.005691615|0.6096131|0.3162855|-0.13475049|0.07245573|-0.59888464|1.0155344|-0.15059727|-1.4079037|-0.092297964|-0.28941268|-0.8534361|-0.33359244
-0.21969819|-0.29550004|-0.44366276|-0.2398481|-0.06777026|-0.7863067|0.6344213|0.6061582|0.08043794|-1.0137734|-0.1802997|0.15526783|0.27318326|-0.11898614|0.70251|-0.15641065
-0.46487403|-0.1782773|-0.5318571|-0.07352668|0.19511831|-0.79040265|0.70049644|0.35554954|-0.18647392|-0.99406415|-0.40777418|0.1192976|0.32224044|0.00048979966|0.7341798|-0.24182315
0.031490244|0.40958318|0.24072833|0.32071754|0.27351847|-0.15742135|0.09738268|-0.08092154|-1.7165653|-0.31964958|-0.15015447|-0.26699823|-0.20826901|0.3187238|0.18015945|0.10419901
-0.067578435|0.12388856|-0.6633046|0.2478329|0.3114294|-0.7451325|0.31825557|0.67249787|0.037300672|-0.8211717|-0.3812604|0.03352292|0.3216315|-0.5686039|0.7427429|0.24211779
0.25751942|0.95925903|0.0338667|1.165729|-0.071981914|0.39375922|-0.056881282|-0.93506616|0.15504523|0.38863656|-0.6430559|-0.84188825|0.16991311|0.4968769|-0.62115836|0.45495695
0.42236152|0.34087768|0.048017606|-0.9986698|-0.06925219|0.65578157|-0.1916234|-0.34992033|0.3454504|0.36876583|0.60118717|0.38585797|0.30206633|0.54772776|0.060245108|0.3929818
0.2333936|-0.44697738|0.32108817|0.46402282|-0.09927121|0.20187703|-1.2686452|-0.005301175|0.31263462|-0.19800617|-0.0075308704|-0.63336766|0.03175158|0.7605859|-0.36790434|0.1121709
-0.12696515|0.35167506|0.14064094|0.39660192|-0.31640637|0.80260724|-0.9232259|-0.15047865|-0.46931478|0.52798957|-0.08390267|0.045910306|-0.33434412|0.27298412|-0.5877117|0.5739254
0.10530857|0.2832594|1.1070639|-0.3366644|0.64395636|0.33810338|-0.6355109|-0.114713535|-0.112282194|0.31534013|-0.15189458|0.4503077|-0.21871668|0.45406532|-0.2798224|-0.22158444
-0.87461466|-0.66620326|0.62490755|0.31966606|-0.81636363|0.77364045|-0.5727332|0.023427036|-0.6306313|0.48777393|-0.5185482|-0.44033208|0.40822986|0.18656704|-0.51407075|0.48122093
0.31996733|0.36111513|0.43103617|-0.85628766|-0.7053328|0.7544075|0.3593331|-0.523963|-0.63884556|0.43263924|-0.41135144|0.7275659|-0.42889908|-0.69800746|-0.50947094|-0.5135577
0.2232975|0.12405898|0.46395063|-0.65166163|0.33267015|0.16990659|-0.41187695|-0.46858203|0.26169327|-1.1613692|-0.28024623|0.30121994|0.91139567|-0.07168913|0.23059629|0.15125105
-0.6603655|-0.6466333|-0.6771259|0.44282323|-0.7597526|0.6933319|-0.45700964|-0.2584285|-0.9697804|0.45174998|0.6357598|0.16175924|0.41647568|-0.4117765|-0.10020176|0.7747291
0.43282902|-0.5295604|-0.67180157|-0.32972267|-0.3098045|0.6977334|0.7597549|-0.36456615|-0.46664783|0.8173482|0.5903516|0.674889|-0.4383591|-0.30404815|-0.089956105|0.6710785
-0.19473366|0.20441365|0.48803475|-0.23811464|0.018972158|0.6929865|-0.70598143|-0.3864411|-0.17667009|0.7319031|0.5790291|-0.5189373|-0.18871728|-0.25125915|-0.5146299|0.5940922
0.89178956|0.56632775|-0.6134629|-0.06313364|-0.5070321|1.1260833|-0.35105267|-0.76003283|0.42385226|0.5406618|-0.7677793|0.38604796|0.46876222|-0.050474867|0.14126822|0.8977318
0.68452394|-0.6204339|-0.45918494|-0.936096|0.7377474|0.6640123|0.5940435|-0.021376487|0.7844224|-0.124335855|-0.71938634|-0.4608151|-0.32066476|-0.5303207|-0.3773281|0.4328196
-0.58133376|-0.5914038|-0.67759484|0.35675022|-0.51748717|0.7331222|-0.11352234|-0.03261748|0.1970516|0.5836149|0.63731605|0.51922315|-0.6364103|-0.73025024|-0.6364579|-0.67547643
0.45760223|-0.5687385|-0.061970998|-0.4293255|-0.77521443|0.9571293|0.77040756|-0.7094084|0.53773427|0.8939105|0.78024566|0.4472955|-0.46291175|-0.47732723|-0.06666007|-0.7075825
-0.1527911|0.26926842|-0.51586473|0.6413717|-0.46342924|0.90306664|-0.259268|-0.6516793|-0.23533437|0.9010195|-0.23035352|0.7052988|-0.4906673|-0.5527716|-0.14226243|-0.2802455
0.02716442|-0.24420467|0.48847875|0.24666287|-0.0715392|0.9239815|-1.0694208|-0.5334984|-0.37226123|0.23778972|0.42747283|0.22273754|-0.11847034|0.7872007|-0.73624265|-0.04569764
0.42949507|-0.119573675|0.5018837|0.065624505|0.22391877|0.24725829|-0.50220555|-0.6646505|-0.0020982823|0.52111053|-0.7375819|-0.41611853|0.17434804|0.14400277|-0.20174813|0.09325104
1.2967256|-0.19532768|0.4825516|0.43610376|0.88613784|-0.37337735|0.4403419|-0.5814808|-0.2519765|-0.5791012|0.29814813|-0.65441406|-0.3677956|0.5105708|-1.3976336|0.05106898
0.1280186|-0.93110955|0.07240741|0.24841383|0.57285285|-0.4245504|-0.03713602|0.28495234|0.32309693|-0.56719464|0.2188351|-0.5421819|0.15576434|0.19711538|0.25685006|-0.04584615
-0.011740941|0.5536766|0.72165537|-0.6472018|-0.72902143|0.94314426|-0.27404776|-0.5190866|-0.25760967|-0.02917953|-0.48041505|0.19038607|0.6817698|-0.46610105|-1.0052918|-0.53994966
0.48132917|0.32481965|0.865238|0.30625218|0.23460017|-0.19233848|-0.3378146|-0.2856888|-0.8104059|0.2753842|0.44502035|0.06805433|0.013078505|0.4263886|-0.41971087|0.39759934
0.5135411|0.67504156|0.34269118|0.31478903|-0.7934054|0.57345366|-0.57032347|0.37955403|0.5274921|0.5482382|-0.37954777|0.8572943|-0.38393283|-0.7452384|-0.41977346|0.80396557
-0.7621253|0.6279287|-0.38432142|0.44954824|-0.40477663|0.7267044|0.67036784|-0.210504|0.39210248|0.8543294|-0.49691418|0.778096|-0.36361894|-0.66872793|-0.4825272|0.83717024
-0.13799685|0.78935045|0.569345|0.027698062|0.41884765|0.09928221|-0.44597656|-0.35434207|-0.8189078|0.44679058|-0.040708188|-0.52759707|-0.32853743|-0.22566849|-0.40595338|0.055101473
-0.9244958|-0.49891272|0.31237113|0.49044347|-0.23100246|0.7617059|-0.5828647|-0.68479353|0.5649351|0.7149534|-0.7338881|0.20094867|0.5175949|-0.7549201|0.020324288|0.8320998
-0.7599927|-0.58296984|-0.54645556|-0.12387456|-0.13237068|0.74330646|-0.24984525|0.50909185|-0.94634503|0.44423407|0.67913026|0.9240369|0.4230579|0.2197854|-0.13779803|-0.28735784
0.043107893|-0.057289526|-0.48608807|0.15767755|-0.10264198|-0.5310358|1.4146792|0.1751435|0.17002967|-0.41842347|0.008623087|-0.18814012|0.3043708|0.1356699|0.8947609|0.22881351
0.21885751|0.46090308|0.0610827|-0.11359905|-0.6501203|0.21144134|-1.4139841|-0.97913486|0.38094416|-0.3670743|-0.19662867|-0.3901762|-0.2882255|0.25521693|-0.7471648|0.09587573
-0.0133419335|-0.20234987|0.024696236|-0.14356509|0.02074307|-0.38327128|0.097515665|0.24680692|-0.006427481|-1.0276022|-1.2169755|-0.041640084|0.11979466|-0.03409675|0.4185663|0.0970318
0.16055667|-0.088717006|0.78545874|0.16455899|0.027868133|1.160209|0.17024317|-0.12249786|-0.054795023|0.1707337|0.33287448|0.3377226|-0.722496|0.7709031|-0.23648448|0.44195396
0.40825737|0.46127233|0.49922776|0.32324103|-0.33754477|0.81653833|0.8584633|-0.41874763|0.11464418|0.511541|0.6826186|0.93091255|0.5208646|-0.7516466|-0.41736063|-0.66632706
0.0054293587|0.08393127|0.6559273|-0.54583156|-0.041966017|0.6644131|-0.74900764|-0.34965074|-0.35670212|0.78101367|0.53092724|-0.5619642|0.03350402|0.29075998|0.19532923|0.36391062
-0.30438477|-0.15979563|-0.93990254|0.10273926|-0.15791093|-1.1003807|0.62912846|0.42597938|0.0055743987|-0.5785157|-0.0507009|-0.1420985|0.467486|-0.17371818|0.40990776|-0.27955997
0.23960115|0.5981716|0.45432293|-0.70433074|-0.9117504|-0.22017765|0.016204385|-0.24194501|-0.39326602|0.43687236|-0.67013955|0.90258116|0.44150674|-0.662413|-0.4440283|0.51669353
0.20519164|-0.48176536|0.08738665|-0.015486077|0.05672138|-0.7471391|-0.050530445|1.2725904|0.10976899|-0.5596529|0.30593818|-0.46837863|0.4650943|0.5020082|0.07090029|0.20338182
-0.43368924|-0.25409326|-0.47666907|-0.12475196|-0.1550398|-0.62804025|0.7295161|0.9300646|0.26645392|-1.019911|-0.22662365|-0.19983156|0.34598076|-0.56004375|0.18319787|0.14952245
-0.14452948|-0.07700926|-0.60662764|0.10867298|0.2488375|-0.79578835|0.5062992|0.44480193|-0.16115779|-0.640967|-0.44802287|0.095242724|0.64734143|-0.11484225|0.8191765|-0.32386076
0.8936723|0.89734423|0.036003094|-1.0826081|-0.2535102|0.12935825|-0.33103058|-0.30531642|0.12764876|-0.07650808|0.8842242|0.39706656|-0.22861408|0.047810517|-0.059467595|-0.38946694
0.44386384|0.69759554|0.5108987|0.01796119|0.6571772|0.048204467|-0.5840023|-0.3077315|0.7449339|0.3895274|0.2959227|-0.47457713|0.088591926|-1.2606835|-0.28171927|-1.0734963
0.36208212|-1.0078968|-0.62425053|0.45639625|-0.053893734|0.78855836|-0.20066468|0.45184115|-0.7458206|0.33788028|0.87798357|0.4094182|0.4864895|-0.2757551|-0.292196|1.121782
0.45506302|-0.056006093|-0.13526921|-0.2649435|0.38919488|-1.0186362|-0.22890459|0.51351154|0.6494441|-1.0101885|1.2716428|-0.21141937|0.7293624|0.5128368|-0.57269144|0.34868634
-0.75433004|0.5592661|-0.57273215|-0.76803213|-0.9533618|0.86372054|0.84222287|-0.28899747|0.17471051|0.3734623|-0.66370285|-0.35039863|0.42008114|0.12704319|-0.7106259|-0.52517706
-0.76055276|0.17923564|-0.6656144|-0.8783443|-0.76913214|-0.0103617245|-0.2001839|-0.11508536|-0.42240435|0.4144507|0.52851725|0.8278798|-0.41057348|-0.79878265|-0.52658474|0.73896646
-0.60832924|0.45276272|0.5384746|-0.14958484|-0.4910064|0.6922099|0.5535728|-0.4198199|-0.57000417|0.61882186|0.5953584|0.033383407|-0.65442955|-0.1328634|-0.26223648|0.724308
-0.020145318|-0.39688256|0.2465607|1.1524684|-0.3445856|-0.45357007|-0.3926173|-0.13797383|-0.08542668|1.1053681|0.2511263|0.08840204|0.09207854|0.12539358|-0.35296008|0.123148985
-0.21907188|0.03918449|0.23416093|0.53930205|1.5290596|0.23837891|0.52418697|-0.59507614|0.39628077|-0.93461907|0.15425059|-0.112301655|1.2108765|0.55654144|-0.7276277|-0.33350885
-0.7137953|-0.8689021|0.53543866|0.5285453|-0.828653|-0.22897828|0.19830972|-0.5659898|0.5521014|0.24060173|0.5603744|0.7716971|-0.45793262|-0.7859733|-0.3618821|0.68417877
0.46312344|0.98751247|0.23805724|-0.39884773|-0.77762544|0.18483776|-0.6821532|-0.3747753|0.33083466|-0.03638939|-0.20416711|-0.6522402|-0.40857455|-0.0811395|-0.98475045|0.26651672
1.3517199|0.007478055|-0.5780162|0.1816018|0.6146219|-0.1406385|-0.33017305|-0.9720837|0.29460004|0.10263606|0.39162517|-0.19406167|-0.109567486|0.73170614|0.1812025|0.02187517
-0.056510694|0.24027053|0.6990583|0.28953817|-0.3979728|-0.47297364|0.022372534|-0.2936063|0.17598121|0.09270405|-0.40853944|-0.16565433|0.14195517|0.4468537|-0.03271526|1.018642
0.2978325|-0.43369415|0.78194916|0.20062943|-0.28019103|-0.5334666|0.20017469|0.11432605|0.7913512|0.59078467|0.2536749|-0.58084947|0.14108145|0.3536482|-0.2545625|0.46357572
-0.22082272|0.40796158|0.672999|-0.28867328|-0.16348757|0.40124384|-1.0796319|-0.37336987|-0.08152241|0.65211576|-0.17200725|-0.089771405|-0.32426304|0.4207405|-0.34938315|0.5886411
-0.4616018|0.1841943|0.4000098|0.54585016|-0.42784074|0.712236|-0.67362076|-0.5331363|-0.59334373|0.5817955|-0.087102525|0.36068347|0.3841702|0.26053813|-0.7066511|0.6866275
-0.6342909|-0.54555255|-0.18685514|-0.6149485|-0.6971327|0.5658781|0.6827812|0.22465582|0.55461043|0.5215873|0.41009185|0.6384768|-0.52548057|-0.75376874|-0.44126898|0.7348306
-0.6970512|0.5770758|0.39788434|-0.24587317|0.121075414|0.9448198|-0.539822|-0.38457242|-0.3135592|-0.01458755|-0.025089364|-0.4317277|-0.4915944|0.039995644|-0.5712243|0.88935184
0.015925745|0.008606831|1.5318469|0.29294616|0.41604757|-0.36037186|-0.09031863|0.025362127|0.38285655|-0.21934634|0.027020501|-0.7634222|-0.16631432|0.3159267|0.13788816|-0.18283892
0.21284577|0.04163021|0.2919052|0.349354|0.3219233|-0.16250604|-0.15015902|-0.097864635|0.26041386|-1.8176681|0.06375647|-0.5459574|-0.30111733|0.22975093|0.18943097|-0.09395246
0.02824088|-0.3926218|-0.03285832|0.4415498|-0.088047154|-0.5370661|-0.08203667|0.27307394|0.19484207|-0.71439046|-0.15115365|-1.0171568|-0.37513268|-0.50775373|-1.1841576|-0.014035586
0.16030489|-0.13769177|0.5123523|0.29821953|0.32261294|0.16566429|-0.65624106|-1.029055|0.17948776|-0.3749101|0.007837589|0.6415716|0.15668264|0.3825926|0.26208326|-0.7585624
0.060116578|-0.3795814|0.27192235|0.08514951|0.4595741|-0.95181215|0.408273|0.3094151|0.0564879|-0.5396766|-0.95000124|-0.069230825|0.42808276|-0.2105299|0.59382457|0.3025227
0.049933583|-0.07326321|-0.42211735|0.15489422|-0.54214585|-0.7381972|0.8528505|1.1750845|0.1799885|-0.7851175|-0.60983336|-0.14389886|-0.24033956|-0.6241306|0.15042569|0.20629624
-0.4282655|-0.11086685|-0.4176246|0.1607892|-0.4929312|-0.6801334|0.8919909|0.4266062|0.22603722|-0.75090194|-0.46772817|0.13952957|0.39767712|-0.24423385|0.85693926|-0.23049869
-0.03199396|-0.15331806|-0.21095088|0.2374136|-0.030359952|-0.31335744|0.1591043|1.025841|-0.058263995|-1.2786984|-0.1342619|-0.55050945|-0.17890742|-0.05318098|0.20011146|-0.24390413
-0.11996347|-0.107855015|0.6403934|-0.25974706|-0.73154205|0.6010436|-0.5887407|-0.5070555|-0.24050358|0.8096789|-0.02820693|0.4529777|-0.28457555|0.6477772|-0.41423747|-0.0101690125
-0.61709905|0.4914999|-0.771761|-0.18232173|-0.6876013|0.6412799|-0.33548146|0.24560045|-0.58966917|-0.1368515|0.2734068|0.73445004|-0.40956268|-0.9187082|-0.37725824|0.6408441
0.2980175|-0.4697085|-0.23513664|-1.0728751|0.93170255|-0.32296604|0.96667725|-0.081472285|0.3128148|-0.42464927|0.13478167|-0.869735|-0.1814914|0.057512414|0.4781482|0.15810573
-0.33840668|-0.17251767|-0.41329306|0.39618367|0.06394019|-0.93739754|0.8016268|0.5261565|0.12062389|-0.5948169|-0.23864114|-0.039744936|0.4018261|-0.62690586|0.7102124|0.05014804
-0.53511053|0.23124468|-0.4662959|-0.090099|-0.027947953|-0.68268394|0.63916683|0.49102622|-0.06807331|-0.8608375|-0.33166996|-0.5031432|0.34057486|-0.5161391|0.5633963|0.08488666
-0.70621014|0.549961|0.25947124|-0.46336132|-0.79690087|0.6228998|0.8638079|-0.14409657|-0.71488607|0.3392761|-0.5784196|0.20839821|-0.4896788|-0.6878923|-0.36906347|0.49836504
-0.42335537|-0.3250989|-0.43141672|0.28993762|-0.66431195|-0.967415|0.26869288|0.6430742|-0.57489663|-0.8890496|-0.6484783|-0.39062944|0.61240077|-0.7192758|0.22368146|-0.09541469
0.09954989|-0.09277124|-0.4722326|0.50325245|-0.25797045|-0.4980896|0.8868349|0.6884875|0.4406114|-0.27594146|-0.8800331|-0.4875052|0.5219511|-0.47584337|0.62106365|0.35393783
-0.9681632|-0.47879648|0.858169|0.45490915|-0.6732708|0.52232444|-0.44775084|0.21893385|-0.41688228|0.48947003|-0.32048362|0.96862495|0.02196142|-0.56127137|-0.25585106|-0.5711776
-0.32683426|-0.12574735|-0.32010362|0.10670627|0.50115407|-0.8894705|0.7235645|0.4756567|-0.03381429|-0.4738275|-0.4905444|0.030247599|0.40549368|-0.13530879|0.9785044|-0.19320305
0.0051354775|0.2089848|0.6733278|-0.44504997|-0.21788414|1.1069163|-0.72390157|-0.32830605|-0.21337232|0.66094846|-0.13735005|0.00068275956|-0.3300742|0.51047444|-0.30947566|0.441191
-0.2402896|-0.18535316|-0.41813743|0.27145603|0.13667437|-0.82564676|0.76478565|0.4395886|0.3113173|-0.8265092|-0.13758977|0.042022955|0.6474896|-0.6069523|0.9866706|-0.17643045
-0.0545823|0.0056314818|0.48437965|-0.15122592|-0.095202066|0.9157981|-0.91969085|0.0054209884|-0.07339762|0.38417107|-0.14106897|0.16617881|-0.16462308|0.51461935|-0.25017974|0.38107517
-0.7063575|0.46141297|-0.3073881|0.10759411|-0.018467277|0.8638688|0.9270541|-0.37040725|0.25125638|0.47460526|0.7752905|0.8519218|0.6264787|0.11944107|-0.39515248|0.7843529
0.36086595|-0.21875289|-0.6331622|0.3539522|-0.17326573|0.5594336|0.700921|-0.28986436|-0.63353056|0.5865756|0.72022057|0.6414953|-0.43901184|-0.9795168|0.004336904|0.3598652
0.08352769|-0.3049195|-0.0011885994|0.12181521|0.37718117|-0.50888824|1.3693206|0.12556142|0.17145315|-0.37577128|-0.02295404|-0.3819699|-0.06874741|0.23825975|0.42432335|0.0253687
0.09265634|0.69855404|0.13628647|0.017596755|-0.4148502|0.86473984|-0.37958127|-0.4730919|0.29715768|0.60351336|0.23556027|-0.26498377|-0.108045086|-0.13111122|-0.12671837|0.37423453
-0.29690403|-0.31194344|-0.6428614|-0.18061614|-0.04500542|-0.8784663|0.70376307|0.8131751|0.36264881|-0.43242082|-0.2910896|-0.1631006|0.020819861|-0.52525145|-0.49822453|0.050233167
0.22340845|-0.72080004|-0.046807982|0.31950447|0.2985147|-1.0361042|0.82562643|0.5775183|0.089304745|-0.28714165|-0.14108828|-0.12798706|0.39743376|-0.13950302|0.53357697|0.29207143
0.260202|-0.24688894|-0.3836258|0.43189287|-0.5987888|-0.8595021|0.90744925|0.8246333|0.4741216|-0.43484768|-0.30867422|-0.5519109|0.41044748|-0.6324085|0.34622726|0.121234074
-0.2535941|-0.8012685|-0.27065164|-0.34076086|0.39666745|-0.7703321|0.5856641|0.42844757|-0.05698942|-0.6141829|-0.30313587|0.116010025|0.3256726|-0.016313301|0.6643018|-0.79229826
-0.45707458|0.18589678|0.9178608|0.25173977|-0.304533|0.14201428|0.006849903|0.16659808|-0.34084156|0.18250647|0.308018|-0.04389598|0.44190678|0.18481635|-0.67370766|0.47859985
0.3144142|0.9949729|0.6551327|-0.031809635|-0.88315773|0.044999536|-0.20522541|-0.6135628|0.09442081|0.7125152|-0.3921477|-0.108243264|-0.31052113|0.29671168|-1.0438398|-0.25591716
0.032922518|-0.3309601|1.0298179|0.28296337|0.09568332|-0.72147727|0.41441885|0.80871546|0.3309603|-0.76744825|-0.26088744|-0.15263006|0.18633398|-0.1097281|0.37326008|-0.0160378
-0.09679328|0.3480563|0.8067878|-0.44655877|-0.13215958|-0.5136551|-0.80943215|0.052440643|0.42714888|0.12574448|-0.71792716|0.05656475|-0.65716165|0.4634014|-0.43541995|0.6230631
0.28078556|0.61839044|0.50046736|0.3383466|-0.993133|0.019009719|-0.24607997|-0.61019474|-0.49861777|0.05291882|-0.32655796|0.29916808|-0.14859508|0.22070442|-0.43338344|-0.6823781
-0.07570781|-0.15053706|0.40342182|0.27154657|-0.26787207|0.12879594|-0.39426628|0.22157802|-0.32446712|0.524405|-0.22945419|-0.29141647|0.28678957|0.10550964|-1.3956839|0.4565926
-0.10731007|-0.31971145|0.7459646|0.2750039|-0.2381344|0.2309361|0.22023186|-0.015738977|0.010991476|0.91915846|0.5532605|-0.09218889|0.104720294|0.6927148|-0.028018035|-0.12517007
0.16907938|0.38927653|0.89631295|0.1273142|0.70463383|-0.14670582|-1.3303673|-0.38402715|-0.2660783|0.50876147|-0.116761334|0.5647973|-0.15708718|-0.11502772|-0.4279009|0.09249594
0.51757765|-0.31328937|-0.22347191|-0.3564384|-0.45835295|-0.76319486|0.45817915|0.88076365|-0.26393157|-0.6581182|-0.62994283|0.022630561|0.6305375|-0.5730834|0.44485697|-0.42316166
-0.70976585|0.6041666|-0.023734597|-0.8261495|-0.7178895|0.44369736|-0.14601187|0.35975662|-0.41361135|0.33356506|-0.430335|0.62056386|0.5028614|-0.6727532|0.14479986|-0.520416
0.45915022|-0.37037462|0.032111518|0.100137934|1.079045|0.030918747|-0.3768216|-0.92688155|0.12710305|-1.2297167|-0.5872872|-0.77262753|0.30181316|1.0126832|-0.20465863|0.6979017
0.37947506|0.9490035|-0.62471163|0.6181014|-0.42997098|0.77611065|0.48840865|0.525757|-0.693294|0.38572752|-0.6034104|0.017805176|-0.7107734|0.27082643|-0.13685751|1.2227463
-0.14069307|-0.5048332|0.36212507|0.41573417|0.6756947|0.22243823|-0.30518|0.6789317|0.2666541|-0.97968227|-0.14606589|-0.6187141|0.8875541|0.39599368|-0.14708035|0.029218517
-0.9322216|0.7498792|0.28160056|-0.9133893|0.063627|0.32522255|0.18067937|0.7173001|-0.67246056|-0.02629102|0.7430259|-0.05529182|0.43714622|-0.66899866|-0.40765584|1.0268955
0.04613565|-0.26307967|-0.23950681|-0.18238135|0.32092485|-1.1401505|0.2815042|0.27206028|-0.028455943|-0.9759434|-0.22679743|0.1651356|0.32090554|0.010026161|0.7438457|-0.025239006
0.5770874|0.4842441|-0.5020001|-0.39792407|-0.96665365|0.55058116|0.07598517|-0.5345982|0.6012738|0.556797|-0.7967997|0.7063505|-0.3903308|0.13082296|-0.35195103|0.7334513
-0.11573749|-0.28942117|-0.40887535|0.5596523|-0.28671366|-0.84748745|0.5714289|0.56905156|0.33890247|-0.5606015|-0.37715018|-0.047940064|0.44546562|-0.8167525|0.5132066|0.2578621
0.25881281|0.4503388|0.042381197|-0.6445155|-0.95410097|0.78087413|0.7822564|0.22301605|-0.6411366|0.42341095|0.5935695|-0.68731654|0.39934078|0.6942872|-0.6727868|0.3913845
-0.0027578154|-0.35461006|-0.4112159|0.22157198|0.3576635|-1.5595424|0.44959274|0.37794986|-0.015541065|-0.48279828|-0.21194637|-0.18235454|0.20119072|0.07729853|0.35793722|0.24309519
0.14411464|-0.3113421|0.47739595|-1.0001588|-0.3139107|1.0341223|0.92176825|-0.16310218|-0.06372723|0.6277551|0.40587625|0.4675531|0.37266263|-0.58776116|-0.6281477|0.75096637
-0.5850163|0.32800522|0.4476859|-0.5640269|-0.5321915|0.7055208|0.71448165|-0.655783|-0.12305828|0.8120993|0.9313274|0.72721183|-0.34890333|-0.8704391|-0.3954403|-0.47345957
0.10928952|0.47660315|0.6121119|-0.6881822|-0.24494116|0.6643555|0.9932297|-0.5309214|-0.6208608|0.23295969|-0.54114234|0.8621426|0.5129324|-0.38787296|-0.018810328|0.75525075
0.5542554|-0.55105627|-0.65211695|-0.07086094|-0.78214484|0.64862376|-0.33717003|0.6306242|0.5534088|0.5538925|0.5800019|0.21276133|-0.39921302|-0.756239|-0.39538|0.41759163
0.17913452|0.009006119|1.1337284|-0.47756734|0.23328607|0.5981755|-0.35286558|-0.33148906|-0.28248367|0.64002055|-0.27230412|0.40329754|0.07625807|0.3811954|-0.08496803|0.44088775
-0.4582777|-0.14074716|-0.33749706|-0.20876288|0.097094186|-0.801136|1.140178|0.5385882|0.13485733|-0.84625405|-0.3519598|0.03240884|0.3666717|-0.08916608|0.5407826|0.09012328
0.212176|-0.20635086|0.3722713|1.3303466|0.2018017|0.26253462|-0.2290888|-0.34698093|0.3606181|0.97073936|-0.3532666|0.3979879|0.44414103|0.52104014|0.074574605|-0.496104
-0.1686815|-0.2732727|-0.68120337|-0.44375995|-0.1947655|-0.6063403|0.831978|0.4805143|0.8325523|-0.8089558|-0.40298516|-0.16173197|0.24872793|-0.21271053|0.31519905|0.14245218
-0.28962243|-0.13485792|-0.1383365|0.07258103|0.18184792|-0.7296206|0.7888092|0.529956|-0.43326306|-0.5018533|-0.34438914|-0.29551095|0.3654282|-0.4889162|0.9090603|0.4059338
0.31678334|0.504892|1.1922861|-0.15535389|-0.30122826|0.33776465|-0.693518|-0.43423748|-0.15849501|0.57049584|-0.14874269|-0.09284989|-0.029379323|0.59200764|-0.19583777|0.29430094
0.12869345|-0.20078209|-0.44336045|0.22159088|-0.19982348|-0.9413659|1.0764639|0.94620156|0.28161415|-0.44120762|-0.42645428|-0.3002298|0.21485856|-0.07856313|0.21460521|0.21794713
-0.39379534|-0.614797|1.2346611|0.32788518|0.121477105|0.2994753|-0.5454041|0.42508626|0.33139622|0.06676181|-0.60714203|-0.50366884|0.21054098|0.39822477|-0.51695514|0.2281713
-0.635452|0.590999|-0.53290606|0.19374421|-0.98012406|0.67619485|0.84026426|-0.023236867|-0.15143606|0.27506256|-0.57195413|0.14481191|-0.56508946|-0.61250424|-0.24036436|0.53006655
0.37621182|0.5560717|-0.21581487|0.5180699|-0.72101665|0.31796274|0.82452977|-0.57180834|-0.57050425|0.69708085|-0.42429963|0.7639225|-0.41985905|-0.7640504|0.28441474|-0.5306826
-0.11353168|0.6152974|0.14838126|-0.104448564|-0.5534601|0.57499105|0.9329846|0.4786598|-0.4932534|0.3181418|0.5345778|0.8465814|-0.25487098|-0.6704552|0.1153828|0.71359426
-0.6733798|-0.44544053|-0.41143247|0.42117682|-0.62897927|0.59688514|0.5539725|-0.66946715|-0.24660318|0.46475515|-0.48376462|0.70053065|0.59935963|-0.7699204|-0.09772262|-0.73969495
-0.7275228|1.061197|0.5127747|-0.6710952|-0.38981518|-0.16491787|-0.06383214|0.40130118|-0.5646432|0.009488306|-0.31741318|0.7064665|0.42953458|-0.7489768|-0.1397581|0.6692543
0.22474077|-0.03671448|-0.5707084|-0.7812234|0.11310225|0.9175496|0.80055875|-0.16725348|-0.74025565|0.27196348|0.50441843|0.79058325|0.2413726|-0.76042116|0.18244135|0.55390114
-0.7089146|-0.5104127|-0.6699698|0.449574|-0.92915773|0.72674686|-0.38950983|0.28456023|-0.62691486|0.23833777|0.64609796|0.23724481|0.11977365|-0.7824976|-0.117045276|0.57287437
-1.5641072|-0.04189776|0.13669318|0.20851095|0.13752349|-0.190115|-0.029164579|-0.21913931|0.050706707|-0.12992549|0.07042704|-0.35562375|-0.7525215|0.3773873|0.06080005|-0.15190712
0.029030783|0.34711453|0.6857658|-0.2932305|0.39507556|0.48852476|-1.2263341|-0.802053|0.36301753|0.07368072|-0.2570881|-0.23265527|-0.3685821|-0.053919993|-0.35179433|0.34429544
-0.35167387|0.33853272|0.30262855|0.23418947|-0.23932678|0.75604016|-0.50934106|-0.7365786|0.07442419|0.5236964|0.34671384|0.3742298|0.32168975|0.00085322245|-1.0353934|0.061948393
-0.07448995|-1.1596601|0.084491864|0.15896027|0.12263076|-0.79535127|0.34344605|0.7503086|0.10049719|-0.4872259|-0.22832596|-0.27671856|0.31308377|0.19035628|0.20967954|0.20009106
0.29616937|0.8691712|0.99311584|-0.21304066|-0.29869357|0.33156452|-0.6966552|-0.4330715|0.21867569|0.6112449|0.3699602|-0.5419314|-0.24006806|0.18722402|-0.5674434|0.13884552
-0.79056156|0.4812162|0.0068247532|0.47392642|-1.0060737|0.7797038|0.43650654|0.30982357|0.103896484|0.543332|0.52929044|0.334919|0.3715145|-0.82500577|-0.3546935|-0.5935943
-0.4433767|-0.23255333|-0.14675735|-0.22332875|-0.11651339|-0.85145974|0.524448|0.10821169|0.2223955|-0.8235696|-0.35857907|-0.17775412|0.21215582|-0.9498152|0.3355986|-1.055146
0.13566177|0.55183816|-0.015768284|-0.73764396|-0.76983476|0.77572876|0.08609044|0.76235926|0.041013986|0.1193683|-0.51812184|0.8897473|-0.34794453|-0.66642165|-0.32830828|-0.5840429
-0.2779146|-0.5867045|-0.78127|0.15642309|0.30320415|-0.7078316|0.51442295|0.9102421|-0.21781255|-0.45183668|-0.5594968|-0.17497432|0.39203763|-0.0887214|0.46790192|0.21767385
-0.291816|-0.41549996|-0.6228987|-0.23581342|0.5243121|-1.0168942|0.14887045|0.0228207|0.14093363|-0.44734234|-0.27869773|-0.008309286|0.7128851|-0.57737637|1.003816|-0.5943852
0.42443496|0.40806594|0.68368447|-0.28471574|-0.0061312723|0.4469477|-1.0928218|-0.2565845|-0.025915714|0.61585665|-0.08137809|0.08131453|0.032050926|0.91291684|0.059970252|0.3336432
-0.2041815|-0.23973475|-1.4141434|-0.07081187|0.045781486|-0.7145322|0.39211652|-0.017486852|0.2652354|-0.47951138|-0.0666654|-0.2815782|0.27756482|0.22954218|0.48954722|0.25619674
-0.214512|0.110061035|-0.81112915|-0.17772996|0.07347497|-1.2959081|0.9168297|0.29148626|0.95232934|-0.79750735|-0.6260923|0.6457974|0.02279002|-0.09727394|0.043115217|0.8166528
-0.118737705|0.10232252|-0.39152366|0.011688922|0.33520526|-0.7500353|0.2642516|0.86863506|-0.10016619|-0.70531785|-0.32268786|-0.13219696|0.3734451|-0.53416216|0.85145617|0.25816795
0.37938195|-0.65440285|-0.61589676|-0.837155|0.056097046|-0.033953656|0.8861267|-0.2720259|-0.86447424|0.5717187|0.45616347|0.85428214|-0.4820201|-0.23506045|-0.15203698|0.6754734
0.35012555|0.29408717|0.68661404|-0.35584164|-0.32649142|0.517788|-0.7576459|-0.30157462|-0.14748862|0.65610135|-0.11332174|-0.36001158|-0.010643607|0.9583496|-0.09955561|0.2407774
-0.6056524|-0.54191124|-0.6055104|-0.27838042|-0.2255533|0.728338|0.8553008|-0.2864003|0.37335673|0.22170576|0.57106894|0.7900242|-0.45702803|-0.8489801|-0.17327967|0.5502601
-0.7011072|-0.29878363|0.02115849|-0.89068836|-0.48349664|0.736785|0.66695386|0.4680402|-0.41275668|0.46767214|0.5910731|0.25242218|-0.24452123|-0.4527649|-0.19263788|-0.41043046
-0.71155363|0.50968844|-0.5506644|-0.6201914|-0.5805253|0.69725233|-0.3216157|0.35678044|-0.4978644|-0.06692171|-0.5367016|0.8159948|0.5054312|-0.44790488|-0.1698761|-0.65206456
0.28479695|0.42172438|0.6349433|0.43692788|0.25863388|0.8113536|-0.34074128|-0.19516072|-0.05642857|0.68067425|0.8581279|0.1396523|-0.626651|-0.04027946|-0.54162645|0.99495035
-0.4063505|-0.5359683|-0.6396023|-0.08054959|-0.9317271|0.90878236|-0.5335923|-0.21081011|0.27606803|0.57917756|0.60722697|0.11775771|-0.8467889|-0.81621045|-0.50775886|0.80315024
0.95179254|0.36546072|0.73391306|-0.86639166|-0.59554154|0.19238588|-0.22003789|-0.20139384|-0.83368415|0.46570235|0.76869005|0.15088822|0.52383816|-0.73781496|-0.15557992|-0.6323671
0.73347163|-0.020600159|-0.52130437|0.0017877864|0.2861982|-0.7293746|0.6763077|0.656057|1.0242716|-0.54558295|-0.43867368|-0.05548306|0.55584574|-0.4194001|0.50884265|0.41377875
-0.23866951|-0.22430275|-0.2811801|0.16533478|-0.22400017|-1.0043588|0.8294535|0.40998608|0.3010282|-0.97417516|-0.21018054|-0.049908925|0.3605546|-0.5431516|0.571134|-0.18288054
-0.6580884|-0.25714388|-0.33515695|-0.8195173|-0.5761396|0.5885187|0.7012869|0.24539948|-0.38336027|0.32666424|0.38475028|0.5828391|0.040101025|-0.8407533|-0.14776562|0.35565665
0.4689331|-0.2719204|-0.67119277|-0.846733|0.12035669|0.8803951|0.85627264|-0.121513784|-0.9387684|0.19448747|0.63704014|0.74524873|0.40157336|-0.76821345|-0.051072184|0.33145985
0.25013945|-0.54880494|-0.7114738|-0.5779362|-0.71385914|0.38097885|-0.20913891|-0.16989087|-0.30100745|0.1934663|0.416077|0.7397895|-0.33564916|-0.8070011|0.45520008|0.5016226
-0.098108396|0.42989174|0.6209768|-0.13099751|-0.3434235|0.7934954|-0.6495994|-0.18928806|-0.2037151|0.74942225|0.39457682|-0.23527974|0.1523211|-0.08533892|-0.14830816|0.48832563
0.26192474|0.2658632|1.0206499|0.81902677|0.0009842665|0.13056433|0.27385113|0.082727574|0.031988043|0.21574843|-0.1613918|0.13225845|0.4058704|0.28302583|-0.03648622|0.4651673
0.16690311|-0.03776316|-1.5057528|0.03762668|-0.14854167|-0.45769|0.35347348|0.35644078|0.30296665|-0.74856097|-0.32438543|-0.30697966|0.34840417|0.20854537|0.38898262|0.29143208
-0.20060131|-0.20582528|1.0260116|0.25521326|-0.3556897|-0.2151189|-0.2855918|0.19406936|-0.04154308|0.25163075|-0.38943565|-0.25149456|0.4244136|0.6529829|-0.7673011|0.13890228
-0.7209824|0.7144807|-0.23490414|-0.2571816|-0.41490245|0.62444246|0.59605044|0.46659282|-0.18895163|0.37097058|-0.57451314|0.80966556|0.30662358|-0.5973237|-0.32196862|0.62868387
-0.73025775|0.50354034|-0.26038566|-0.7697382|-0.59369916|0.77143496|-0.062629245|0.44546375|-0.2640457|0.22264495|-0.46838582|0.6114736|0.6104967|-0.8535503|-0.086674266|-0.40632936
0.19285966|0.47050884|0.6080029|-0.31932506|0.5399138|0.91719717|-0.017349532|-0.89851123|-0.63132495|-0.046999246|-0.26271188|-0.42377862|0.24099343|0.4395892|-0.35585573|0.82814395
0.47885755|-0.6069947|-0.30155122|-0.4670498|-0.5932889|0.40478292|0.7856212|0.48463377|0.5310557|0.54132444|0.41794914|-0.3953554|-0.45693538|-0.65547|0.037641995|0.8982654
-0.56189317|0.19880444|-0.16974308|-0.80911255|-0.6443112|0.635445|0.5202555|0.5472975|-0.15980287|0.6806552|0.7244972|0.48303732|-0.26416957|-0.76990336|-0.1720412|-0.61011297
0.032899413|0.12970416|0.6686268|-0.5023013|-0.99020326|0.022920752|-0.43426457|-0.14676552|-0.06344242|0.5763438|0.20625724|0.32029077|0.026731426|0.54994863|-0.07431442|0.09715125
-0.35931173|0.17729108|0.6195508|-0.113225125|0.1342717|1.0129684|-0.39667723|-0.49486518|-1.004171|0.30700308|-0.33013397|-0.4152373|-0.3468105|0.19522439|-0.25778562|0.4561943
0.44386452|-0.48402447|-0.7726649|0.27123562|0.71239454|0.031193674|-0.37652418|-0.5896622|-0.6448142|0.7274765|0.15418284|0.22704376|-0.56012934|-1.2291898|-0.7423876|0.17747794
-0.27419797|-0.27973908|-0.31894192|-0.20693672|-0.16442083|-1.2706372|0.8877826|0.4502491|0.10227983|-0.59282523|-0.9061254|-0.27280807|0.43134454|-0.46206573|0.13152571|-0.47826245
0.33091637|-0.10247893|1.3619745|-0.10325831|-0.07182195|-0.11466687|0.13345154|-0.28748456|-0.019912826|-0.15988241|0.6497034|0.12516975|0.24719873|-0.014598105|0.19322799|0.11647914
0.62553275|-0.604345|-0.27817902|0.48575202|-0.87580967|0.84790677|-0.25606468|0.396355|-0.48951995|0.45082328|0.6027938|0.34589005|0.53446734|-0.77150774|-0.39336067|0.6962345
0.48888242|0.40664315|0.9493118|-0.61349314|-0.60660285|0.75212085|0.5760143|0.32196864|0.7499069|0.4800157|-0.53736776|0.64920926|-0.3689544|-0.31951725|-0.5456359|-0.6177246
-0.8151404|-0.5836235|-0.6144618|-0.5690679|-0.7534808|0.87319887|-0.45453826|0.20088667|-0.0024746985|0.08600015|0.6607107|-0.445826|-0.45815766|-0.7054238|-0.10437011|-0.39285204
-0.13487248|-0.34018636|0.94028455|0.24848859|0.5550141|-0.5508192|-0.26414114|0.46584424|-0.20131071|0.27658826|0.31343693|0.46369022|0.15667695|0.40652665|-0.6561459|0.35043672
-0.042290423|-0.4157913|-0.34452868|0.32816067|0.27522808|-0.5420282|0.38319233|0.3304302|0.42676505|-0.5507199|-0.23272751|-0.13213298|-1.0241905|-0.13802263|0.5523494|0.2129281
0.095834196|0.3032717|0.6719964|0.68230385|0.054322585|0.02055882|-0.20738754|-0.19428858|-0.5029754|0.9358222|0.0011399857|0.61727303|-0.88909274|-0.01153683|-0.7436959|-0.0058962675
-0.05623429|-0.16569105|-0.6157049|-0.23998813|0.12385116|-0.6006738|0.9233216|0.9009152|-0.012936745|-0.93020254|-0.5323853|-0.03667647|0.30303425|-0.109594755|0.5899801|-0.5471854
0.6222712|0.7670035|-0.4086913|-0.80324286|0.27260873|-0.124943934|0.39372504|-0.23863392|-0.83640224|0.043115843|-0.5820494|0.66757685|0.8239959|-0.027404899|0.2701801|0.6998369
0.056302782|-0.03754055|0.23318233|0.40470287|0.4351722|-0.22381504|0.054071143|-0.0142984|0.3258831|-0.8835156|-0.034168478|-1.1819378|0.12499538|1.0255492|0.18482408|0.27598578
0.4658046|-0.47920826|-0.3270801|-0.86754704|-0.79549456|0.7058909|-0.60205716|0.4954855|0.013103252|0.58162856|0.61947125|0.97152394|0.5424141|-0.71689117|-0.008473922|-0.50714105
-0.87963265|0.4681893|-0.52250725|0.5836807|0.44544017|0.828818|0.7064936|0.14915591|-0.39186656|0.2578824|-0.8502046|0.5208798|0.46587777|-0.25608864|-0.0007640082|-0.73590136
-0.70813847|-0.4643659|0.6063901|-0.64993286|-0.11866965|0.7869639|0.67215824|-0.48380005|-0.53240937|0.6296162|0.63026863|0.57205385|0.46984705|-0.3169447|0.018024562|0.7516465
-0.762754|-0.3717417|0.54266465|-0.7326437|0.18331096|0.7744467|0.618521|-0.53055614|-0.4524444|0.46938774|0.6280511|0.77106035|0.19067977|-0.7130785|-0.6333192|0.7716204
0.29669443|-0.3942161|0.0015162649|1.0551302|0.4462875|-0.24610788|0.23047638|-0.33624256|-0.8805755|-0.35948983|-0.10210007|-0.11122823|0.23855142|0.35533085|-0.14052205|0.34941524
-0.59909046|-0.67868054|-0.51821333|-0.8209755|-0.7422487|0.10895146|-0.28045875|0.054225117|-1.0913422|-0.03804986|-0.51420605|0.1629734|0.400089|-0.1825958|-0.28428295|-0.6006371
0.6974947|-0.047210183|-0.21559073|0.014503255|-0.71350485|-0.12679121|-0.56835216|-0.7937349|0.36854544|-0.29704022|0.079903685|-0.8862989|-0.4805282|0.075685896|-0.966336|0.116355576
-0.52800614|-0.43559575|-0.49413487|0.46656862|-0.7818775|0.76861566|0.8197389|-0.42646655|-0.5430837|0.72579634|0.61472064|0.71169174|0.5474188|0.00869274|-0.28198755|-0.7737169
0.49746162|0.36025947|0.5902619|-0.68310285|-0.5823209|0.8309934|0.8486102|0.33394673|0.53228873|0.7551062|-0.3124101|0.7200607|-0.27389717|-0.34042522|-0.27603126|0.76017886
-0.27910334|-0.18767618|-0.17701568|0.4919597|0.07943684|-0.98201|0.8158491|0.68743265|0.4391965|-0.19671594|-1.0051076|-0.23449425|0.18294738|-0.32073757|0.6020967|0.24807887
0.108187295|0.57246906|-0.5070378|0.4225154|-0.5673127|0.57673985|0.9037596|0.35980973|-0.27083236|0.4148093|0.547032|0.14416416|-0.4496326|-0.737972|-0.13814746|0.8319756
-0.6001714|-0.5169847|-0.6393222|-0.27549005|-0.68396467|0.59686816|-0.22343509|-0.34315246|-0.25311452|0.39488235|-0.39723444|0.9269862|-0.2715277|-0.76232004|-0.020874688|-0.5274163
-0.06707067|1.0675095|-1.2997735|-0.66617423|0.6120908|0.07430394|0.107376285|-0.7435895|0.8670653|0.6356823|0.080379136|-0.6124394|-0.061699763|0.35687113|-0.48830032|-0.22646447
-0.7326062|1.0539479|-0.295276|0.43584463|0.65773535|0.022189057|-0.6357855|-0.4837939|0.385725|1.3895692|0.48763543|0.52238244|-0.48818478|0.51050985|-0.10682269|0.3518229
0.21087307|-0.07499852|0.9337299|0.23514518|-0.007749897|-0.30277136|0.29357126|-0.15019244|0.0462796|1.2122416|-0.2543603|0.021684567|0.32572618|0.56475836|-0.10769065|0.21062641
-0.1382252|-0.25125566|-1.2356068|0.23961228|0.14757451|-0.5921604|0.08832262|0.1177803|0.9447458|-0.59787333|-0.07823686|-0.030151367|-0.18597053|-0.0010064932|0.29467654|0.11388953
0.22409074|-0.24157995|1.1630217|0.1537487|1.2481605|-0.2757546|0.11902599|-0.153892|0.12574512|-0.10361582|1.0572945|-0.38576722|-0.25790974|0.3178989|0.19410504|0.00088972045
-0.19549406|-0.19337013|-0.9861339|0.072246365|0.00021045259|-0.64825857|0.206883|0.12921356|0.28291997|-0.48817888|0.11351277|-0.2712863|0.3976356|0.1837226|0.9609292|0.36949465
0.36338985|-0.27928752|0.68194956|-0.6944336|-0.77885646|-0.063270934|-0.527528|-0.35794985|0.9419753|0.4909574|-0.7462327|0.2397858|-0.52674764|-0.68059105|-0.21942824|0.8511341
0.33304408|0.7610637|0.3887004|0.46540737|-0.732798|-0.29245517|0.81202465|-0.40397254|-0.7046699|0.71193033|-0.56784004|0.37333062|0.36045524|-0.7736317|-0.30589834|0.8080403
-0.74156713|-0.6380776|0.44566053|-0.035642862|-0.7642434|0.93572366|0.8747978|-0.22959574|-0.3865036|0.64766663|0.7042421|0.7256362|0.6905465|0.009732894|-0.51237154|-0.88258153
-0.5437016|0.08892199|0.59192705|-0.9692388|-1.049784|0.9301435|-0.04949228|-0.43069097|-0.11892591|0.25981748|-0.73162585|0.2332529|0.5871176|-0.7888184|-0.6650613|-0.5186096
0.25184137|0.65175897|0.4044151|-0.6260805|-0.89214057|-0.35329413|-0.4840038|0.51572824|0.19207188|0.568742|-0.5348231|0.8440002|-0.37907225|-0.67880493|-0.59981626|0.8441794
-0.88166404|0.43085182|0.4324944|-0.37436768|-0.06547749|0.6980614|0.9574741|-0.33343852|-0.6352496|0.56648254|0.68782437|-0.26028147|-0.43138078|-0.49199852|0.41435057|0.7746364
-0.62759614|-0.66491395|0.40950736|-0.7724347|-0.3028469|1.0699183|-0.1926304|-0.66119|-0.04236176|0.4956387|0.60145104|-0.10063618|-0.5387419|-0.17290309|0.49381724|-0.7289077
0.47233742|-0.39460424|-0.22370829|0.6754834|-0.7099946|0.77880293|0.6984421|-0.7249527|0.31571612|1.0021471|0.50573605|0.65762633|-0.2548147|-0.7268997|-0.35083085|-0.57455724
-0.8564103|0.4267692|-0.55503684|0.293826|-0.8672561|-0.45502523|-0.004813446|-0.7300403|-0.6417713|0.6522531|0.68274117|0.570212|0.4870783|-0.43847528|-0.22171775|0.8504446
0.41920978|-0.071351305|-0.541572|-0.22839192|-0.7538427|-0.55073893|0.7395164|-0.7029318|-0.6300399|0.89357924|0.5867132|0.8840611|-0.2976028|0.33375716|-0.3771722|0.74020606
-0.8278441|-0.59730995|0.3632868|-0.78339976|-0.83842885|0.83198076|-0.36175883|0.5030687|0.26873296|0.45909494|0.50124186|-0.37387195|0.5280372|-0.70229024|-0.77990496|0.45576262
-0.67010206|0.58312345|0.3563716|-0.16363852|-0.64500463|0.67366433|0.721346|-0.10448043|-0.6523441|0.68617713|0.2924303|0.22889854|0.46813208|-0.7537355|0.06750535|0.6699738
-0.681644|0.5747516|0.3032773|0.23397627|-0.49412963|0.73623043|0.7512995|-0.22465248|-0.41618267|0.8499011|-0.45665595|0.011010275|0.55426633|-0.7081766|-0.5914763|0.73388815
-0.6811486|-0.50009364|0.6230828|0.37060857|-0.15298714|0.9472365|0.76067597|0.24420589|0.48448607|0.9734265|-0.61796117|-0.5845057|-0.36133093|0.044948563|-0.28522387|-0.80626005
-0.7531161|-0.84430784|0.47886753|0.35602483|-0.82294697|-0.6629299|-0.23900533|-0.6136212|0.54678136|0.5108169|0.6530555|0.27971157|-0.45477942|-0.7443514|-0.3002327|0.76754594
0.27923456|0.5429029|0.43930075|-0.8519707|-0.9361196|0.6947551|0.5992181|0.2691289|-0.2670885|0.43602723|0.6035111|0.47796652|-0.06752844|-0.53608716|-0.101893604|0.8259541
-0.034230012|-0.2609416|-0.32092166|0.095830016|-0.23435329|-0.7085356|0.6984246|0.730932|0.19026281|-0.42120248|0.94706845|-0.12934035|0.31092376|-0.37209874|0.57300717|0.020210411
0.13189565|-0.20289582|0.011259034|0.1387701|-0.21766873|-0.719973|0.492145|0.57836974|1.3117378|-0.58541435|-0.1625097|-0.13990302|0.26923046|-0.11967677|0.46383476|0.22270985
-0.16201286|0.12484692|0.933426|-0.62560934|0.40073767|0.101049475|-1.1284593|-0.97605735|-0.40472612|0.07920607|-0.42360476|-0.021884862|-0.55001855|0.318436|-0.5605133|-0.14000802
-0.20832804|-0.2553604|-0.39573634|-0.16645293|-0.25923485|-0.5671633|0.57841444|0.77268493|0.74935764|-0.5090942|-0.19917423|-0.15391223|0.29273602|0.15597221|0.68144727|0.18447249
0.5356414|-0.23338224|-0.46061292|-0.40793416|0.40943593|-1.1030858|0.6730008|0.5978602|0.22466291|-0.42118287|-0.44790858|0.22603428|0.9344562|0.46744454|0.695682|-0.48530462
0.09132949|0.35565144|1.0523272|0.47709733|-0.15350753|-0.13806532|0.12591867|0.19636498|-0.28069493|0.15461919|-0.40976605|-0.19539942|0.37188488|0.5581138|-0.093408816|0.43955407
-0.10958258|-0.31579864|-0.61424375|0.36975104|0.1168044|-0.92989856|0.60876083|0.7057071|0.4439009|-0.19876762|-0.029701892|0.011487543|0.31315583|-0.75098354|0.57490754|0.23922369
0.6718056|0.25498572|0.22296754|-0.033255138|1.6187674|-0.5071816|-0.8571915|-0.0009822387|0.33925682|0.4169563|-0.39987543|0.36666963|-0.9715724|-0.19682208|-0.3310391|-0.089764856
-0.6764673|-0.39579302|-0.32670859|-0.7148911|-0.6557829|0.73145735|0.68140054|-0.4159383|-0.4990402|0.53831387|-0.4573783|0.33306852|0.533758|-0.21492712|-0.33327466|-0.5630608
0.26355898|0.09335929|0.07172725|-0.16539583|0.14139076|1.7136959|-0.16345038|-0.2978756|0.37826428|0.729452|0.057326104|-0.2798059|-0.197158|0.3299034|0.27626428|0.20939001
-0.18924035|0.090930104|0.66534716|0.30941606|-0.04130027|0.12071167|-1.0558993|-0.39102802|0.29138446|-0.14998363|-0.14079724|0.14910497|0.37865317|0.32646206|0.5800071|0.71863467
-0.9211479|-0.822489|-0.2945835|-0.5987017|-0.42525154|0.6086725|-0.3576788|-0.83719736|-0.19556054|0.6349078|0.6588927|0.51810116|0.52781856|-0.7061984|-0.3161927|-0.6414747
-0.19697325|-0.22860917|-0.15145193|0.22619532|0.2859501|-0.52044857|0.27259994|0.24360476|-1.3476443|-0.66376215|-0.17637578|-0.17347887|0.23666327|-0.02263567|0.38560608|0.15770367
0.331192|-0.4270408|-0.5519311|-0.831982|-0.6491364|0.7609886|0.70933735|-0.47769415|-0.29498255|0.6889638|0.5937997|0.6918961|-0.5198139|-0.6503685|-0.40064815|0.748321
0.6019954|-0.4959747|-0.2622531|0.7151426|0.008603555|0.7982992|0.76475745|-0.7511723|0.12585244|0.94293445|0.91759455|0.6480341|-0.42505494|-0.7449912|-0.30035338|-0.53957915
-0.85867083|-0.37652016|1.3238659|0.12880714|0.74370635|0.047993|-0.60914594|-0.10559088|-0.43769738|0.37827778|0.6538936|-0.28550893|-0.3557561|-0.26312047|-0.6639147|-0.27770332
0.18242364|-0.28818738|1.0001358|-0.33358398|0.5448341|0.46206167|-0.7750869|-0.4500273|0.0025760792|0.1619747|0.06852085|-0.85392636|-0.5541381|-0.078512356|-0.7063004|0.06747037
0.10815203|0.31564695|-0.3582075|0.1703504|-0.24918485|-0.10296145|0.22655717|-1.1827717|0.17334948|0.72379357|0.5646366|-0.6026902|-0.3213358|0.6315481|0.0010979994|-0.8904017
0.11077211|-0.6381469|0.23670961|1.1620274|0.38431212|0.0769104|-0.2644178|0.8942609|0.29913858|-0.32736585|0.08779684|-0.08696042|0.19470538|0.32918343|-0.46117875|-0.022562575
-0.78424704|-0.63319904|0.63167745|0.45641968|-0.08291189|0.886487|0.88700056|0.048574224|-0.59913087|0.5683299|0.815972|0.35862112|-0.38873932|-0.36084196|-0.29772815|-0.6546847
-0.3440641|-0.11419028|-0.07975413|0.24483918|0.030195074|-0.84554726|0.79308563|0.54658085|-0.11162805|-0.9665381|-0.59400934|-0.08968373|0.4144918|-0.5455277|0.65311337|-0.43488577
0.37851816|-0.36814156|-0.02916923|0.39051512|0.02825033|0.8166274|-0.30615523|-1.2215538|0.4341087|-0.16235383|-0.18871309|-0.2303584|-0.6649798|0.36991474|-0.7809475|-0.10954771
0.12603158|0.17328143|0.4373396|-0.31329265|-0.15140124|1.1015582|-0.4580036|-0.7602888|-0.2752541|0.48392698|-0.5590722|-0.44323325|-0.123369776|0.014870818|-0.55971235|0.3924591
-0.06709157|-0.7220372|0.2897541|-0.52619886|-0.15253775|-0.409972|-1.0066378|-0.94403094|-0.9780325|0.52829325|0.18537913|0.26126662|0.042928934|0.32965505|-0.6367997|-0.32317296
-0.19434369|0.76458216|0.49540907|0.13780117|-0.4325406|0.5679605|-1.0271881|-0.2946902|-0.09865607|0.76891047|-0.04658788|-0.42726383|-0.45528027|-0.056623556|-0.61273634|0.5788195
-0.0042758854|-0.33942017|0.62157565|0.27199847|0.41983005|0.83010983|-1.2703269|0.37466398|0.08976722|0.021557018|-0.26244295|0.11115323|-0.022083096|0.5984943|-0.38595068|0.30496135
-0.78881043|-0.58804345|0.5845318|0.45661524|-0.2577593|0.8540177|-0.49729416|0.10018511|-0.32063228|0.63548905|-0.8716379|0.72442657|0.10517606|-0.58082485|-0.28181598|0.6946097
-0.21407606|0.27123806|0.50974554|-0.4135653|-0.6774332|0.6983052|-0.4580564|-0.077554904|-0.29416353|0.7474223|0.55678177|0.33267486|0.036251124|-0.6867375|-0.3477242|0.7425382
-0.11078732|0.5946382|0.4942308|0.37122|-0.44785404|0.7737797|-0.44758096|0.175043|-0.43584883|0.8496795|0.6573029|0.7753067|0.42834687|-0.62903476|-0.2358237|-0.08168446
0.28457263|0.68136454|0.47839245|-0.45047045|0.34853858|0.13593969|-0.57504094|-0.88319|-0.17611066|0.02845186|-0.24055056|-0.4721906|0.46105123|0.18482547|0.06879111|1.071002
0.29148832|-0.74022645|-0.22619478|0.40676016|-0.41674688|0.771849|0.76774645|0.45311838|-0.65863544|0.3795299|-0.6324167|0.11822205|-0.2999811|-0.787141|-0.13277279|-0.5785461
-0.13333769|0.35715982|0.6171964|-0.3550391|-0.41996703|0.6955673|-0.5099884|-0.3617085|-0.22056241|0.7873853|0.44822487|-0.43491116|-0.38256115|-0.1367127|-0.5892742|0.6402254
0.3665634|-0.28631645|0.041893937|0.18473934|0.3331463|-0.3838736|1.244205|0.08189862|0.11669766|-0.41397655|0.16106531|-0.40919718|-0.047322057|0.06270666|0.1540761|0.13431473
0.8634201|0.2919779|-0.43734095|-0.8717355|0.6653935|0.50357395|-1.1577996|-0.45159033|0.41806182|-0.03544316|0.11523203|0.49578246|-0.5156706|-0.039700724|-0.51036555|0.028749766
-0.05151101|-0.48427665|0.8085873|0.15542232|0.10010824|-0.4637095|-0.36924756|-0.15566872|0.67126817|1.1462787|-0.35208905|-0.14161074|0.32466158|1.3341366|-0.9300452|-0.49024725
0.16671036|0.12501109|1.3567438|0.18564203|0.3592756|0.7662843|0.22265182|-0.44745573|-0.07682845|9.0306996e-05|-0.26228523|-0.32247233|0.25656244|0.27683643|0.21790983|0.46026877
0.23453431|0.3804774|-0.16370691|-0.6890495|-0.8111655|0.12940775|0.84282935|0.36667866|-0.47621435|0.14085583|-0.5812136|0.8098869|-0.13261111|-0.7375975|-0.011832948|-0.497724
-1.2951348|-0.32912397|-0.038166005|0.38836166|0.42303896|-0.2765322|0.039270546|0.013683797|0.2536457|-0.29679856|-0.09210573|-0.32678956|-0.02527539|1.2986487|0.20175068|0.025951644
-0.27328268|-0.019791026|0.6924808|-0.29824626|0.8463777|-0.032338392|0.07606675|0.8244447|0.98849165|-0.89706224|0.17153575|0.25476953|-0.09260371|0.37894967|-1.58484|0.18797998
0.18755347|-0.44915342|-0.51063347|0.3536875|-0.71485215|0.8438558|0.5332286|-0.31782347|-0.77982557|0.88638324|-0.44568864|0.7501001|0.4312552|0.4089458|-0.28404525|-0.61246175
-0.3580585|0.05602882|-0.4793534|0.25969127|-0.07793921|-1.1015053|0.67995334|0.20834342|0.19683924|-0.8931039|-0.46438494|0.09496127|0.4121554|-0.46064794|0.471468|0.043039806
-0.32115823|-0.26235986|-0.36011913|-0.08802928|-0.095193796|-0.6378792|1.0440294|0.38138178|0.8195912|-0.7329524|-0.3968544|0.07243172|0.4420635|-0.4748417|0.6285875|-0.30250007
-0.019026985|-0.2857629|-0.26484707|-0.19119376|-0.046114843|-0.5785868|0.42951137|0.16076241|0.17189762|-1.6358954|-0.26615974|0.03115267|0.030425245|-0.05737509|0.3929413|-0.2674529
0.07388177|0.54676265|0.42670944|-0.23642929|-0.370838|0.8878831|-0.711886|-0.1572906|-0.10211251|0.28722835|-0.07021246|0.11164146|-0.16821438|-0.23553155|-0.8401004|0.6145524
-0.11290897|0.664095|0.051795702|0.5117365|-0.7835614|0.3889005|-0.5352421|0.66963655|-0.6446759|0.37884083|0.757112|0.81114477|-0.4274787|0.42053267|-0.27005574|1.0901419
-0.13573594|0.00722831|-0.51433337|0.02122024|-0.42706642|-0.67747015|0.5002594|0.46391007|0.2668877|-0.989163|-0.21306323|-0.33795834|0.14440055|-0.23448305|0.392975|0.46342778
0.3866424|0.3536154|-0.48303357|-0.8038879|-0.8263024|0.70111156|-0.21063566|-0.65230626|-0.23657586|-0.37360746|0.5457654|0.7369451|-0.4368204|-0.77389354|-0.020880425|-0.59952956
-0.2641195|-0.046745975|0.19493707|0.813481|1.5559202|0.35066074|0.06521071|-0.92523086|0.59613454|-1.2297078|0.06553495|-0.21991126|0.28347218|0.19736022|-0.96040684|0.104845874
-0.7067454|0.8318801|0.1354725|-0.65604776|-0.31146333|0.21029806|-0.17937422|0.4285401|-0.5616648|0.0046072346|-0.6271275|0.28635892|-0.18657665|-0.89356047|-1.076895|0.6408412
0.20583393|0.7557753|-0.30291155|0.45892528|-0.8285021|0.8896173|-0.21246828|0.23308033|0.44723946|0.53003067|-0.56024796|0.83762956|0.420146|-0.61718106|-0.095926724|-0.62881976
0.1794771|-0.25184563|1.003707|-0.03628299|0.6958872|-0.2157102|-0.12470646|0.13464403|0.163057|0.11084731|-0.08090708|1.1162925|-0.17559178|0.2000627|0.21040462|-0.026383454
0.073205985|-0.30555353|-0.48376563|0.25727966|0.24198093|-0.5508615|1.1674813|1.1423268|-0.11993894|-0.33496338|0.07943515|-0.12229456|0.54243237|-0.44540387|0.62589246|0.1711946
0.111111425|-0.19135092|-0.41091153|0.25673285|-0.2733645|-1.0485479|0.5711123|1.1399292|0.13671513|-0.5143677|-0.47267368|-0.2597169|0.24973068|-0.5850416|0.32852715|0.5773005
-0.5412197|-0.31378037|0.22045077|-0.71387637|-0.7577859|0.7558504|0.7000212|-0.26052105|-0.16016433|0.85880154|0.7457699|0.60542214|-0.40376374|-0.679493|-0.4706057|-0.5605116
-0.3900294|-0.28143385|-0.5887111|-0.38289964|-0.08989026|0.09634066|0.6165321|0.98334134|0.33881074|-0.60516655|-0.6694826|-0.5764117|0.017826598|-0.6346448|0.14087017|-0.9951448
-0.43462065|-0.7019252|-0.53075176|0.0029624405|0.32175416|-0.14696197|0.8109603|0.5291344|-0.28239998|-0.8716574|-0.55480486|-0.04441666|0.6034182|0.30715513|0.8688498|-0.66324586
-0.17375803|-0.36609215|-0.3936306|0.57679933|-0.59874696|-0.5030672|0.39278406|0.62765276|0.4895319|-0.9307636|-0.4495752|0.60759735|0.46133897|-0.57003933|0.64183134|-0.5419815
0.27361196|0.5216399|0.061582975|-0.20030558|0.2884172|0.7281194|0.7467613|0.89765716|-0.83905405|0.5999153|0.61956793|0.74511385|-0.32551786|-0.24261364|0.08769343|-0.64605063
-0.4309048|0.21570233|0.07258902|0.11188038|-0.12518658|0.15742974|0.051751975|-0.82580525|-0.0044036447|0.35315838|-0.004460199|0.8620299|0.3379812|0.69646686|0.34621587|0.6506375
-0.69303846|-0.45411974|-0.52527416|-0.65792346|-0.72678596|0.8423212|0.052543|-0.1794924|0.15027717|-0.03886728|0.60933995|0.73247385|0.35900155|-0.6740559|-0.13792188|-0.66055197
-0.08539919|-0.27964488|-0.5482643|-0.11478347|-0.022804689|0.13142696|0.6070379|0.7678966|0.03875657|-0.69602126|-0.41489023|-0.2758587|0.35371682|-0.42145795|0.7635376|-0.0152296405
-0.62490314|0.25576267|-0.26847035|0.43258435|0.4993718|0.6527054|0.6859874|0.45599288|-0.08531418|0.72491056|0.42845055|0.9352578|0.28081962|-0.7431814|-0.1977159|0.79040587
0.58103603|-0.35386953|-0.19732742|-0.7774264|-0.5168706|0.7591537|0.7569167|0.4076151|-0.738351|0.18811221|0.6112446|0.07755438|-0.5636171|-0.72194684|-0.08813672|0.47571945
0.2949154|-0.6856906|0.14533365|0.40849376|-0.32194334|0.81296027|0.77608985|-0.079016864|-0.6808587|0.4012173|-0.51528|1.0498574|0.5283204|-0.63724333|-0.22523652|-0.6896704
-0.518829|-0.33497486|-0.39892268|0.28351843|-0.35115707|-0.783749|0.355082|0.77865565|0.9021992|-0.48538613|-0.56133896|-0.44892442|0.4442619|-0.38907802|0.088918455|-0.5496283
0.29679626|-0.4459371|0.3925751|-0.79978085|-0.31242144|0.88963753|0.55923223|-0.31939873|-0.41988975|0.6697454|-0.5612455|0.6130368|-0.024441995|-0.8107251|-0.29055816|0.9142648
0.28136864|0.50288725|-0.41516507|0.36918223|-0.48985597|0.8083884|0.22396076|-0.47806305|-0.6180761|0.3250659|0.6700441|1.0483946|-0.5687805|-0.6405495|-0.011380043|-0.6097472
0.5530935|0.5447369|-0.67578286|-0.8936384|-0.63910437|0.80607253|-0.054501384|-0.42283234|0.81226426|0.4929986|0.6841506|0.7476317|0.41519946|-0.021015655|-0.26671612|-0.66924113
0.07755663|0.11298513|0.4429808|-0.07374285|0.40546846|0.23941533|-0.59720707|-0.8532693|-0.60654217|0.3867592|-0.1859378|-0.47729868|-0.51530236|0.0048851543|-0.41372058|0.3503846
0.08756609|-0.19141802|-0.069556035|0.08052043|-0.30934858|-0.5618193|0.5038427|0.46216092|1.1845043|-0.65517|-0.3511062|-0.2040729|0.38287947|-0.09923224|0.52023983|0.28988743
-0.6531235|0.34017882|0.14765142|0.3851641|-0.29676577|0.9633965|0.5785723|-0.3089681|-1.0684308|0.63362944|-0.5414555|0.558717|0.41463727|0.4937912|-0.15838128|0.68468255
0.015246732|-0.22375941|1.24066|0.08243789|0.13403484|1.0039912|-0.34059954|-0.48935378|0.3535997|0.0887753|0.041949753|0.0018640633|0.3789714|0.06777341|0.03760767|-0.04452133
0.20963794|0.85497135|-0.39890134|0.15266107|0.4456365|0.36445972|-0.55273646|-0.5355451|-0.84792256|-0.4439363|0.43511426|0.22627813|-0.20219967|0.8678333|-1.0435258|-1.0266333
-1.0542723|-0.45998275|-0.011094155|-0.2824718|0.18295184|0.376286|0.288338|-0.72217643|-0.018983433|0.21562082|0.5975824|-0.60380626|0.36913761|0.57286054|-0.61202866|0.34179917
-0.57094055|-0.24396034|-0.30857176|-0.4060669|-0.3909987|-0.46829352|0.8159056|0.74103034|0.021296687|-0.9298976|-0.59655184|-0.0065452065|0.4175802|-0.64612937|0.2120392|-0.3920405
0.7593384|-0.6384349|-0.57109195|-0.83031493|-0.39624795|-0.1542628|-0.3767801|-0.3671473|-0.6191425|0.74849904|0.76889217|0.82125896|-0.35195252|0.37386388|-0.46351978|-0.76326644
-0.7938751|-0.20102741|0.37657058|-0.89002085|-0.89379513|0.7115491|-0.38447106|-0.37549293|-0.44284415|0.3273785|0.40513107|0.6306562|0.31120753|-0.4440038|0.0039100973|0.50761515
0.50356156|-0.45802468|0.27883294|0.9031095|0.105515346|-0.08579225|-1.0600082|0.20460074|0.33527505|-0.57950604|-0.023797471|-0.49788293|-0.29266235|0.76440436|-1.0491651|0.097459756
0.09835576|-0.11875554|-1.0923988|0.1902523|0.11711481|-0.01774811|-0.15814541|0.45114553|0.06499242|-0.0045776432|0.009768531|-0.14390133|-0.004990967|0.22986628|0.1849646|0.031143358
-0.26202744|-0.24034356|-0.64366263|0.10837495|-0.030703468|-0.9002361|0.6223784|1.1378988|0.19438592|-0.6512921|-0.38291654|-0.23757446|0.29007566|-0.0995067|0.05731852|-0.042260982
-0.6501003|-0.20871411|-0.6486442|-0.6415136|-0.84628195|0.5432226|-0.39787728|-0.047150023|-0.24575889|0.3144768|-0.43361586|0.75132316|-0.41037112|-0.8089803|-0.77176315|-0.6455711
0.4637016|0.5058394|0.171858|0.26351684|-1.0737098|-0.25758913|-0.2191247|-0.37808123|0.4224879|-0.39569455|0.1715989|-0.5281855|0.12994118|-0.7770805|-0.23687679|0.073397845
-0.025048828|0.16783737|0.8106562|0.77327067|-0.10399851|-0.117220044|-0.29895642|0.40848514|-0.30239317|0.15620992|-0.42119876|-0.41625237|0.34153128|0.50910866|-0.25620502|0.2491957
0.6361894|-0.6918413|-0.16445085|-0.1423879|0.09842382|-0.006905884|-0.04277617|0.072787575|0.6830496|-1.1278691|0.3687771|-0.33057314|-0.91899335|0.49049783|0.79424417|-0.38166416
0.12686017|-0.76558954|-0.48274082|-0.4191733|-0.8981974|0.3922131|0.41872028|1.099788|-0.75674486|0.4228982|0.49384266|-0.1306671|-0.023333391|0.12980151|-0.24010152|0.5321996
-0.5107837|0.3259564|-0.53376746|-0.3318269|-1.0582705|0.6961825|0.22967991|-0.41247585|-0.3608347|0.8286262|0.6001795|-0.46064147|-0.57831424|0.44519368|-0.06891994|0.7431078
0.1427586|0.24413864|0.91400504|0.018713644|0.14397687|-0.5287101|0.20550558|-0.62158155|-0.27306664|0.03590201|-0.022491876|0.32893533|0.33174333|0.56417906|0.3211906|0.61583984
0.2983635|0.20487219|0.67538047|-0.4349549|-0.25085506|0.92462337|-0.5997563|-0.20966893|-0.060066298|0.62771904|0.37470233|0.67763525|0.020883674|0.35803393|-1.02642|0.58363247
0.12702172|0.19252427|0.7206105|-0.2676799|0.044835053|1.1019771|-0.75171745|-0.397416|-0.3003082|0.8369931|-0.26973665|-0.42423204|-0.07079953|0.5160841|-0.22032213|0.22077851
0.12610729|0.88580745|-0.31141847|0.9433083|0.44543394|-0.23497377|0.063226216|0.03566707|0.24235019|-0.39302498|-0.36937115|-0.2357522|-0.14703707|-0.024534972|0.08958988|1.0000377
0.119801536|-0.29463023|0.21544056|0.28224227|0.36222056|0.048062555|-0.12769985|1.4658043|0.21451049|-0.14065276|1.2198755|-0.40165442|-0.18378428|0.3072534|0.13124277|-0.09162445
-0.16744694|0.23690577|0.41367397|0.34537062|-0.22430976|1.0558254|-0.40555477|-0.15761513|-0.3925891|0.47310928|0.74207|-0.052878562|-0.30265385|-0.070625246|-0.7664801|0.4884153
-0.68108326|0.6414357|0.36066893|-0.55081296|0.09220182|0.6827596|1.0265818|0.25031346|-0.31128603|0.24235582|-0.39314735|0.62572634|0.41765586|-0.64990133|0.021414215|0.5803281
0.15889592|0.39687774|-0.55854076|-0.53847355|-0.79135805|0.74877447|0.6521685|-0.10700793|-0.6922154|0.06938728|-0.31397724|0.67417437|-0.44082603|-0.6005189|-0.07235135|0.65683526
-0.59918773|-0.52060926|-0.068261445|0.5138257|0.51166993|0.68027735|0.71039253|-0.76596075|-0.63722926|0.5967914|0.7030595|1.1136004|0.4793576|-0.46881387|-0.03657668|0.75718987
0.4813692|0.53119195|-0.7348469|-1.2585303|-0.37137386|0.40259737|0.55536187|-0.5021959|0.20804262|0.52499735|0.5777554|-0.5309471|0.5200772|0.26074967|-0.89990705|0.8001275
0.075600185|0.33358127|0.65961975|-0.46051228|0.113220684|1.0689625|-0.44902116|-0.62597317|-0.31206205|0.7127228|0.508345|-0.3987407|-0.3619252|-0.21351871|-0.43016687|0.44796488
0.39577442|-0.420786|0.14288029|-0.88216954|-0.88100356|0.27473757|-0.70833087|-0.19779906|-0.11871047|0.47489747|0.7541841|-0.27779981|-0.5142213|-0.7700508|-0.08419838|0.75068843
-0.3523045|-0.2872684|0.062653795|0.31368732|0.54975075|-0.39182404|0.24583627|0.3232641|0.34159067|-0.47800645|-0.4464709|-0.4520274|0.96166694|0.27863795|0.8940943|0.24008596
0.2678353|-0.22339253|0.6537125|-0.28866422|-0.8031017|0.65475595|-0.58276683|-0.19059172|-0.05240173|0.685232|0.5524931|0.010478722|0.3189491|-0.0037910938|-0.3778206|-0.076367974
0.13402952|0.3976546|0.63722587|-0.398529|-0.31353602|0.9630376|-0.6503711|-0.41727412|-0.34554058|0.68576854|-0.3333447|-0.5263341|0.0040048733|0.49405012|-0.57417667|0.47334105
0.024010163|0.19617951|-0.7141928|0.1703211|-0.5778575|-0.8974178|0.4289416|0.45137393|0.375243|-0.9073573|-0.16352619|0.18516059|0.27760488|-0.057032097|0.9373881|0.06566497
0.31848666|0.7352905|-0.21966678|-0.66124886|-0.5828269|0.57561105|0.5558275|0.44745523|-0.22513084|0.21737698|0.52151835|0.7309117|-0.24055997|-0.7942695|-0.25502476|0.5400903
0.12933281|0.1568221|-0.54246485|-1.0684568|-0.8015807|0.7652826|-0.5612618|-0.12781869|-0.2262108|0.029762916|-0.5310252|0.6844812|-0.15477142|-0.8917155|-0.38469085|-0.60689324
0.35412395|0.5812908|0.058158316|-0.63798076|-0.58886373|0.6156021|0.70989853|0.6053546|-0.81636363|0.25448692|0.35387942|0.59635043|0.14193381|-0.53844905|-0.049789347|0.37044317
0.33275738|-0.541729|-0.31673923|-0.7799256|-0.35695925|0.7814689|0.6518745|0.13766132|0.12447992|0.5596405|0.6221491|0.75816435|-0.37910858|-0.41263467|-0.13383293|-0.73528844
0.24786976|1.0649675|0.37727794|0.45065898|-0.3826229|0.3926586|0.6772745|0.52541465|-0.77601993|0.31607515|-0.52411556|1.0103956|0.3365919|-0.58179444|0.04133237|0.6824344
-0.40611178|0.16498567|-0.3304805|-0.69154775|-0.7343517|0.76039475|0.70534575|0.037445065|0.44836465|0.34952536|0.2777735|0.74653983|-0.3654926|-0.5898105|-0.16654137|-0.6879878
0.28543514|-0.0035516731|0.11173739|-0.8158915|-0.59043264|0.734698|0.72036487|0.88963056|-0.26146823|0.51690793|-0.37499854|0.7140021|-0.150349|-0.5562028|-0.37287182|-0.1144029
-0.8108055|0.5357906|-0.11824801|-0.6228046|-0.5524752|0.31107533|0.6418246|0.35887185|-0.8307873|0.2779651|0.27341506|0.5763618|-0.15981205|-0.49676678|-0.15910079|0.61158264
-0.76431584|-0.19907041|-0.5466664|-0.9696168|-0.55527174|0.68201613|-0.4818281|0.3034332|-0.564702|0.15498023|0.36744043|0.2022296|-0.42242795|-0.78956985|-0.18151647|0.10433518
0.62142974|-0.56517464|-0.55886656|-0.25735572|-0.8508195|0.7628998|0.79501057|-0.37360257|-0.14320204|0.50948536|0.4971306|-0.3424612|0.20617688|-0.7487941|-0.015392844|0.5130582
-0.7881687|0.446746|-0.3253622|-0.6309355|-0.7856438|0.67432797|-0.36432588|0.43826243|0.01834959|0.28843284|-0.24050644|0.76087797|-0.25615433|-0.8209591|-0.41828293|-0.50080293
-0.5832234|0.2684983|-0.2876414|-0.968631|-0.2841639|0.67836285|0.46832556|0.06133007|-0.6893524|0.20589425|0.30803198|0.58884877|0.2359086|-0.9718531|-0.05834028|0.45266435
0.34240207|-0.4109651|0.77050745|-0.04640809|0.1302118|-0.09261215|0.28265595|-1.3243471|-0.02657936|-0.15480037|0.48152313|0.43441343|0.4067233|0.1236837|0.06330836|0.1460475
0.4027789|-0.20910862|1.1099324|0.38746753|-0.3386828|-0.31085798|0.36900124|0.13523477|0.39513028|0.5617502|0.38292274|0.09811545|0.29017806|0.31735545|-0.32037908|0.14049537
-0.0648607|-0.65382445|0.30320027|-0.2145826|0.89981824|-0.31180465|-0.14339274|0.6908138|-0.014593708|-0.38126606|-0.22532089|-0.280841|0.24316755|0.53708875|0.5142745|0.2038303
-0.63169867|0.5699107|0.22643052|-0.32076937|-0.3412998|0.13717963|0.91459715|0.19840121|-0.6575449|0.4072144|-0.7086416|0.32435483|0.3439781|-0.55278605|-0.16218911|0.63982904
0.14676167|0.63724095|-0.4419315|-0.9424172|-0.39936385|0.6570806|0.8274137|0.45024145|-0.07091649|0.2863828|0.4343081|0.36301067|-0.47321907|-0.34191048|-0.35064685|0.6318205
-0.66625184|0.69635934|0.096801385|-0.38196293|-0.6418493|0.4697335|0.54414904|0.5773956|-0.65984017|0.371037|-0.37146232|0.64384735|-0.21595788|-0.26535207|-0.24929456|0.50397974
0.7861445|0.4962489|-0.6638759|-0.7661641|-0.7368977|0.80966914|-0.41539967|0.06608605|-0.1909215|0.38350627|-0.39353588|0.6829718|0.4482198|-0.023301143|0.13150677|-0.6339857
-0.72355133|0.4950079|-0.20192128|-0.53258187|-0.6650441|0.7331945|0.83545494|0.2173871|-0.69945806|0.28131327|-0.60655004|0.26436496|0.27254474|-0.29800296|-0.6977884|0.32586956
-0.49020576|0.55963624|-0.31749284|-0.36708617|-0.5022654|0.5793309|0.4148947|0.9230806|-0.1582584|0.69383746|-0.43089992|0.5669136|-0.3740668|-0.1870361|-0.6842166|0.73229027
-0.8435471|-0.33550027|-0.2927263|0.26123855|-0.26083162|0.8038124|-0.5044034|0.5148642|-1.0643017|0.3523757|-0.40376416|0.60659367|0.44887456|-0.5882178|-0.10854361|-0.59828824
-0.049420785|-0.19901493|0.06257347|0.084802255|0.28355026|-0.2875925|-0.28626665|0.7040787|0.2357833|-0.1822506|-0.2200722|-0.33969173|-1.5543636|0.2567695|0.4508122|0.018238815
-0.6861064|-0.55923724|0.035513878|-0.64392436|-0.61515164|0.74079|0.75836974|0.3187151|0.58756083|0.6296494|0.44331834|-0.4695706|-0.452911|-0.65206367|-0.17097016|-0.004121861
-0.68349713|0.6421411|0.18404488|-0.9102298|-0.7245447|0.4897482|-0.23936196|0.6310183|-0.3108151|0.10446667|-0.2911904|0.74139863|-0.16739532|-0.6987584|-0.34020954|-0.08835534
0.1048746|-0.50396585|0.08124253|0.38324916|0.75206035|-0.36721313|0.044182837|0.30967283|0.90937775|-0.4616495|-0.009909828|-0.3880111|-0.11035799|0.32158485|0.35487652|0.048567798
