target_lang|closest_lang_0|tree_dist_0|closest_lang_1|tree_dist_1|closest_lang_2|tree_dist_2|closest_lang_3|tree_dist_3|closest_lang_4|tree_dist_4
acf|hat|0.918918918918919|fra|0.8648648648648649|cat|0.6875|oci|0.6666666666666666|spa|0.6470588235294118
acr|usp|0.7142857142857143|kek|0.7142857142857143|agu|0.5333333333333333|ttc|0.5333333333333333|lac|0.42857142857142855
acu|hub|0.75|jiv|0.75|cbu|0.3333333333333333|ura|0.3333333333333333|ata|0.3333333333333333
afr|nld|0.8695652173913043|ltz|0.5217391304347826|dan|0.5|eng|0.48|deu|0.48
agd|awb|0.7142857142857143|bjr|0.6153846153846154|tbg|0.6153846153846154|omw|0.6153846153846154|snp|0.42857142857142855
agg|cbu|0.4|ura|0.4|ata|0.4|con|0.4|tca|0.3333333333333333
agn|jav|0.5454545454545454|jvn|0.5454545454545454|tbl|0.5454545454545454|bps|0.5|yka|0.5
agr|cbu|0.4|ura|0.4|ata|0.4|con|0.4|tca|0.3333333333333333
agu|ttc|0.7142857142857143|usp|0.6153846153846154|kek|0.6153846153846154|acr|0.5333333333333333|lac|0.46153846153846156
aia|apb|0.8571428571428571|kwf|0.782608695652174|kwd|0.782608695652174|lgl|0.782608695652174|far|0.75
ake|mbc|0.7692307692307693|cbu|0.2222222222222222|ura|0.2222222222222222|ata|0.2222222222222222|con|0.2222222222222222
alp|hvn|0.43478260869565216|nfa|0.43478260869565216|lex|0.43478260869565216|kje|0.43478260869565216|txq|0.4166666666666667
ame|not|0.7272727272727273|cot|0.6153846153846154|mcb|0.6153846153846154|cni|0.5714285714285714|cpu|0.5333333333333333
amf|cbu|0.2857142857142857|ura|0.2857142857142857|ata|0.2857142857142857|con|0.2857142857142857|tca|0.25
amh|arb|0.47058823529411764|heb|0.4444444444444444|mlt|0.4444444444444444|cbu|0.18181818181818182|ura|0.18181818181818182
amk|apb|0.45454545454545453|tnk|0.43478260869565216|bnp|0.43478260869565216|tte|0.43478260869565216|nlg|0.43478260869565216
apb|aia|0.8571428571428571|kwf|0.8181818181818182|kwd|0.8181818181818182|lgl|0.8181818181818182|far|0.782608695652174
apr|met|0.8333333333333334|mee|0.8|mbh|0.7692307692307693|tbc|0.7692307692307693|bzh|0.64
arb|mlt|0.8235294117647058|heb|0.5882352941176471|amh|0.47058823529411764|cbu|0.2|ura|0.2
arl|cbu|0.2857142857142857|ura|0.2857142857142857|ata|0.2857142857142857|con|0.2857142857142857|tca|0.25
asm|ben|0.7619047619047619|ory|0.7|mjl|0.5263157894736842|kfx|0.5|pan|0.5
ast|spa|0.8666666666666667|glg|0.8666666666666667|cat|0.8571428571428571|oci|0.8275862068965517|kea|0.8125
ata|cbu|0.5|ura|0.5|con|0.5|tca|0.4|bmr|0.4
atb|cbu|0.2|ura|0.2|ata|0.2|con|0.2|tca|0.18181818181818182
atg|ibo|0.47058823529411764|ikk|0.47058823529411764|ken|0.4444444444444444|mkl|0.42105263157894735|nin|0.42105263157894735
awb|agd|0.7142857142857143|bjr|0.6153846153846154|tbg|0.6153846153846154|omw|0.6153846153846154|snp|0.42857142857142855
azg|trc|0.6153846153846154|mxb|0.5714285714285714|mit|0.5333333333333333|xtm|0.5333333333333333|mie|0.5333333333333333
azj|tur|0.6666666666666666|kaz|0.42857142857142855|uzn|0.375|cbu|0.2|ura|0.2
azz|ngu|0.8571428571428571|nhy|0.8571428571428571|nhw|0.8|nhe|0.8|nch|0.8
bao|tav|0.8571428571428571|tuo|0.7692307692307693|pir|0.5714285714285714|gvc|0.5714285714285714|cbc|0.5333333333333333
bba|cme|0.8235294117647058|dop|0.7|box|0.631578947368421|soy|0.5714285714285714|myk|0.5333333333333333
bbb|mcq|0.6666666666666666|cbu|0.2857142857142857|ura|0.2857142857142857|ata|0.2857142857142857|con|0.2857142857142857
bel|rus|0.8571428571428571|ukr|0.8|pol|0.6666666666666666|slk|0.6666666666666666|slv|0.6666666666666666
bem|ndj|0.6956521739130435|poy|0.6956521739130435|zga|0.64|seh|0.64|nya|0.64
ben|asm|0.7619047619047619|ory|0.7368421052631579|mjl|0.5555555555555556|kfx|0.5263157894736842|pan|0.5263157894736842
bfz|kfx|0.8888888888888888|mjl|0.8235294117647058|gbk|0.7368421052631579|kfs|0.7368421052631579|xnr|0.7368421052631579
bgc|hin|0.8421052631578947|urd|0.8421052631578947|guj|0.7368421052631579|mjl|0.5882352941176471|kfx|0.5555555555555556
bgt|nlg|0.9090909090909091|apb|0.6666666666666666|aia|0.6363636363636364|kwf|0.6086956521739131|kwd|0.6086956521739131
bhd|gbk|0.8571428571428571|kfs|0.8571428571428571|xnr|0.7619047619047619|dgo|0.7619047619047619|mjl|0.7368421052631579
bjr|tbg|0.8333333333333334|omw|0.8333333333333334|awb|0.6153846153846154|agd|0.6153846153846154|snp|0.46153846153846156
bjv|kyq|0.6666666666666666|cbu|0.16666666666666666|ura|0.16666666666666666|ata|0.16666666666666666|con|0.16666666666666666
bjz|cbu|0.18181818181818182|ura|0.18181818181818182|ata|0.18181818181818182|con|0.18181818181818182|tca|0.16666666666666666
bkd|cgc|0.75|obo|0.5555555555555556|mbt|0.5263157894736842|mbb|0.5263157894736842|ceb|0.5
blz|agn|0.42857142857142855|jav|0.4|jvn|0.4|tbl|0.4|bps|0.375
bmr|cbu|0.4|ura|0.4|ata|0.4|con|0.4|tca|0.3333333333333333
bmu|ksr|0.8888888888888888|ded|0.8235294117647058|mpp|0.4444444444444444|iou|0.4|dah|0.4
bnp|lbb|0.6956521739130435|rai|0.6956521739130435|tte|0.6363636363636364|tgo|0.6363636363636364|mpx|0.6363636363636364
boa|cbu|0.4|ura|0.4|ata|0.4|con|0.4|tca|0.3333333333333333
boj|cbu|0.25|ura|0.25|ata|0.25|con|0.25|tca|0.2222222222222222
bos|srp|0.9166666666666666|hrv|0.9166666666666666|slv|0.7|mkd|0.5714285714285714|bul|0.5714285714285714
box|bba|0.631578947368421|tbz|0.6153846153846154|cme|0.6|xon|0.5925925925925926|gng|0.5925925925925926
bpr|bps|0.8571428571428571|tbl|0.7692307692307693|agn|0.5|jav|0.46153846153846156|jvn|0.46153846153846156
bps|bpr|0.8571428571428571|tbl|0.7692307692307693|agn|0.5|jav|0.46153846153846156|jvn|0.46153846153846156
bqc|bus|0.875|bqp|0.875|yre|0.375|cbu|0.2|ura|0.2
bqp|bus|0.875|bqc|0.875|yre|0.375|cbu|0.2|ura|0.2
bss|ndj|0.5833333333333334|poy|0.5833333333333334|mcp|0.5714285714285714|ken|0.5454545454545454|zga|0.5384615384615384
bul|mkd|0.8888888888888888|slv|0.7058823529411765|rus|0.625|bel|0.625|pol|0.5882352941176471
bus|bqp|0.875|bqc|0.875|yre|0.375|cbu|0.2|ura|0.2
byr|cbu|0.2857142857142857|ura|0.2857142857142857|ata|0.2857142857142857|con|0.2857142857142857|tca|0.25
bzh|apr|0.64|met|0.64|mee|0.6153846153846154|mbh|0.5925925925925926|tbc|0.5925925925925926
bzj|srm|0.7878787878787878|eng|0.7741935483870968|srn|0.7647058823529411|rop|0.75|djk|0.7428571428571429
caa|ctu|0.75|chf|0.75|jac|0.5|knj|0.5|lac|0.42857142857142855
cab|cbu|0.2222222222222222|ura|0.2222222222222222|ata|0.2222222222222222|con|0.2222222222222222|tca|0.2
cap|cbu|0.4|ura|0.4|ata|0.4|con|0.4|tca|0.3333333333333333
car|cbu|0.3333333333333333|ura|0.3333333333333333|ata|0.3333333333333333|con|0.3333333333333333|tca|0.2857142857142857
cat|oci|0.8888888888888888|spa|0.8571428571428571|glg|0.8571428571428571|ast|0.8571428571428571|kea|0.8
cax|cbu|0.4|ura|0.4|ata|0.4|con|0.4|tca|0.3333333333333333
cbc|tue|0.75|pir|0.6666666666666666|gvc|0.6666666666666666|tuo|0.5714285714285714|tav|0.5333333333333333
cbi|cof|0.75|cbu|0.3333333333333333|ura|0.3333333333333333|ata|0.3333333333333333|con|0.3333333333333333
cbr|cbs|0.6666666666666666|mcd|0.6153846153846154|shp|0.6153846153846154|yaa|0.6153846153846154|kaq|0.6153846153846154
cbs|mcd|0.8|yaa|0.8|shp|0.6666666666666666|cbr|0.6666666666666666|kaq|0.6666666666666666
cbt|cbu|0.4|ura|0.4|ata|0.4|con|0.4|tca|0.3333333333333333
cbu|ura|0.5|ata|0.5|con|0.5|tca|0.4|bmr|0.4
cbv|cbu|0.4|ura|0.4|ata|0.4|con|0.4|tca|0.3333333333333333
cco|cso|0.625|cuc|0.625|chz|0.625|cnt|0.625|cnl|0.625
ceb|fil|0.6666666666666666|cgc|0.5714285714285714|agn|0.5|obo|0.5|bkd|0.5
cek|hlt|0.6666666666666666|zyp|0.5333333333333333|cbu|0.2222222222222222|ura|0.2222222222222222|ata|0.2222222222222222
ces|slk|0.8235294117647058|pol|0.7058823529411765|rus|0.625|bel|0.625|ukr|0.5882352941176471
cgc|bkd|0.75|obo|0.625|mbt|0.5882352941176471|mbb|0.5882352941176471|ceb|0.5714285714285714
chf|ctu|0.875|caa|0.75|jac|0.5|knj|0.5|lac|0.42857142857142855
chv|cbu|0.3333333333333333|ura|0.3333333333333333|ata|0.3333333333333333|con|0.3333333333333333|tca|0.2857142857142857
chz|cnl|0.7777777777777778|cle|0.7777777777777778|cso|0.6666666666666666|cuc|0.6666666666666666|cnt|0.6666666666666666
cjo|cni|0.8421052631578947|cpu|0.8|cpb|0.8|cot|0.7777777777777778|mcb|0.6666666666666666
cle|cnl|0.8888888888888888|chz|0.7777777777777778|cso|0.6666666666666666|cuc|0.6666666666666666|cnt|0.6666666666666666
cme|bba|0.8235294117647058|dop|0.6666666666666666|box|0.6|soy|0.5333333333333333|myk|0.5
cmn|cbu|0.2|ura|0.2|ata|0.2|con|0.2|tca|0.18181818181818182
cni|cpu|0.8421052631578947|cjo|0.8421052631578947|cpb|0.8421052631578947|cot|0.8235294117647058|mcb|0.7058823529411765
cnl|cle|0.8888888888888888|chz|0.7777777777777778|cso|0.6666666666666666|cuc|0.6666666666666666|cnt|0.6666666666666666
cnt|cpa|0.8888888888888888|cso|0.7777777777777778|cuc|0.7777777777777778|chz|0.6666666666666666|cnl|0.6666666666666666
cof|cbi|0.75|cbu|0.3333333333333333|ura|0.3333333333333333|ata|0.3333333333333333|con|0.3333333333333333
con|cbu|0.5|ura|0.5|ata|0.5|tca|0.4|bmr|0.4
cot|cni|0.8235294117647058|cpu|0.7777777777777778|cjo|0.7777777777777778|cpb|0.7777777777777778|mcb|0.75
cpa|cnt|0.8888888888888888|cso|0.7777777777777778|cuc|0.7777777777777778|chz|0.6666666666666666|cnl|0.6666666666666666
cpb|cpu|0.9|cni|0.8421052631578947|cjo|0.8|cot|0.7777777777777778|mcb|0.6666666666666666
cpu|cpb|0.9|cni|0.8421052631578947|cjo|0.8|cot|0.7777777777777778|mcb|0.6666666666666666
crn|ngu|0.5714285714285714|nhy|0.5714285714285714|azz|0.5714285714285714|nhw|0.5333333333333333|nhe|0.5333333333333333
cso|cuc|0.8888888888888888|cnt|0.7777777777777778|cpa|0.7777777777777778|chz|0.6666666666666666|cnl|0.6666666666666666
ctu|chf|0.875|caa|0.75|jac|0.5|knj|0.5|lac|0.42857142857142855
cuc|cso|0.8888888888888888|cnt|0.7777777777777778|cpa|0.7777777777777778|chz|0.6666666666666666|cnl|0.6666666666666666
cui|guh|0.6666666666666666|cbu|0.3333333333333333|ura|0.3333333333333333|ata|0.3333333333333333|con|0.3333333333333333
cuk|kvn|0.8571428571428571|gym|0.7142857142857143|sab|0.7142857142857143|tfr|0.6153846153846154|tuf|0.42857142857142855
cwe|kdc|0.896551724137931|ruf|0.8888888888888888|vid|0.7857142857142857|ngp|0.7586206896551724|ziw|0.7586206896551724
cya|zpl|0.5263157894736842|zpz|0.5263157894736842|zca|0.5263157894736842|zaw|0.5|zpo|0.5
cym|gle|0.7|lit|0.375|hye|0.375|rus|0.35294117647058826|bel|0.35294117647058826
daa|mqb|0.4|xed|0.375|hau|0.375|muy|0.3333333333333333|meq|0.3333333333333333
dah|iou|0.6666666666666666|nca|0.6153846153846154|ded|0.42857142857142855|ksr|0.4|bmu|0.4
dan|isl|0.7058823529411765|swe|0.6666666666666666|ltz|0.5263157894736842|nld|0.5263157894736842|afr|0.5
ded|ksr|0.8235294117647058|bmu|0.8235294117647058|mpp|0.47058823529411764|iou|0.42857142857142855|dah|0.42857142857142855
deu|ltz|0.5833333333333334|nld|0.5|afr|0.48|dan|0.47619047619047616|eng|0.46153846153846156
dgo|xnr|0.9|gbk|0.8|kfs|0.8|mjl|0.7777777777777778|bhd|0.7619047619047619
dgr|gwi|0.5714285714285714|cbu|0.2222222222222222|ura|0.2222222222222222|ata|0.2222222222222222|con|0.2222222222222222
dik|luo|0.42857142857142855|cbu|0.25|ura|0.25|ata|0.25|con|0.25
djk|srn|0.9090909090909091|srm|0.875|eng|0.8|rop|0.7741935483870968|tcs|0.75
dop|bba|0.7|cme|0.6666666666666666|box|0.5217391304347826|soy|0.4444444444444444|tbz|0.4444444444444444
ekk|fin|0.6666666666666666|cbu|0.2222222222222222|ura|0.2222222222222222|ata|0.2222222222222222|con|0.2222222222222222
ell|grc|0.7058823529411765|lit|0.375|hye|0.375|rus|0.35294117647058826|bel|0.35294117647058826
emp|sja|0.5454545454545454|cbu|0.25|ura|0.25|ata|0.25|con|0.25
eng|rop|0.8888888888888888|srm|0.8571428571428571|tcs|0.8571428571428571|tpi|0.8571428571428571|srn|0.8275862068965517
ese|tna|0.7272727272727273|cbu|0.2857142857142857|ura|0.2857142857142857|ata|0.2857142857142857|con|0.2857142857142857
far|kwf|0.88|kwd|0.88|lgl|0.88|apb|0.782608695652174|aia|0.75
fil|ceb|0.6666666666666666|cgc|0.5333333333333333|obo|0.47058823529411764|bkd|0.47058823529411764|agn|0.46153846153846156
fin|ekk|0.6666666666666666|cbu|0.2|ura|0.2|ata|0.2|con|0.2
fon|soy|0.42857142857142855|nko|0.42105263157894735|myk|0.4|ibo|0.4|ikk|0.4
fra|hat|0.8888888888888888|acf|0.8648648648648649|cat|0.7096774193548387|oci|0.6875|spa|0.6666666666666666
gai|geb|0.6666666666666666|msy|0.6153846153846154|cbu|0.25|ura|0.25|ata|0.25
gam|med|0.5|imo|0.5|kue|0.46153846153846156|cbu|0.25|ura|0.25
gbk|kfs|0.9|bhd|0.8571428571428571|xnr|0.8|dgo|0.8|mjl|0.7777777777777778
geb|msy|0.7692307692307693|gai|0.6666666666666666|cbu|0.25|ura|0.25|ata|0.25
gle|cym|0.7|lit|0.375|hye|0.375|rus|0.35294117647058826|bel|0.35294117647058826
glg|kea|0.875|por|0.875|spa|0.8666666666666667|ast|0.8666666666666667|cat|0.8571428571428571
glk|sdh|0.7272727272727273|pst|0.5263157894736842|pes|0.45454545454545453|mjl|0.42105263157894735|tgk|0.4166666666666667
gng|xon|0.9375|gux|0.875|tbz|0.6451612903225806|box|0.5925925925925926|bba|0.5
grc|ell|0.7058823529411765|lit|0.46153846153846156|hye|0.46153846153846156|rus|0.42857142857142855|bel|0.42857142857142855
gub|urb|0.5882352941176471|gyr|0.5882352941176471|kyz|0.5882352941176471|cbu|0.18181818181818182|ura|0.18181818181818182
guh|cui|0.6666666666666666|cbu|0.2857142857142857|ura|0.2857142857142857|ata|0.2857142857142857|con|0.2857142857142857
guj|bgc|0.7368421052631579|hin|0.7|urd|0.7|mjl|0.5555555555555556|kfx|0.5263157894736842
gum|cbu|0.3333333333333333|ura|0.3333333333333333|ata|0.3333333333333333|con|0.3333333333333333|tca|0.2857142857142857
guo|cbu|0.4|ura|0.4|ata|0.4|con|0.4|tca|0.3333333333333333
gux|xon|0.875|gng|0.875|tbz|0.6451612903225806|box|0.5925925925925926|bba|0.5
gvc|pir|0.8571428571428571|cbc|0.6666666666666666|tue|0.6666666666666666|tuo|0.6153846153846154|tav|0.5714285714285714
gwi|dgr|0.5714285714285714|cbu|0.2222222222222222|ura|0.2222222222222222|ata|0.2222222222222222|con|0.2222222222222222
gym|sab|0.8571428571428571|kvn|0.7142857142857143|cuk|0.7142857142857143|tfr|0.6153846153846154|tuf|0.42857142857142855
gyr|urb|0.625|kyz|0.625|gub|0.5882352941176471|cbu|0.2|ura|0.2
hat|acf|0.918918918918919|fra|0.8888888888888888|cat|0.7096774193548387|oci|0.6875|spa|0.6666666666666666
hau|mqb|0.46153846153846156|xed|0.42857142857142855|muy|0.375|meq|0.375|daa|0.375
heb|arb|0.5882352941176471|mlt|0.5555555555555556|amh|0.4444444444444444|cbu|0.18181818181818182|ura|0.18181818181818182
hin|urd|0.9|bgc|0.8421052631578947|guj|0.7|mjl|0.5555555555555556|kfx|0.5263157894736842
hlt|cek|0.6666666666666666|zyp|0.5|cbu|0.2|ura|0.2|ata|0.2
hns|mjl|0.5882352941176471|kfx|0.5555555555555556|pan|0.5555555555555556|bfz|0.5555555555555556|ory|0.5555555555555556
hrv|srp|0.9166666666666666|bos|0.9166666666666666|slv|0.7|mkd|0.5714285714285714|bul|0.5714285714285714
hto|huu|0.8|cbu|0.2857142857142857|ura|0.2857142857142857|ata|0.2857142857142857|con|0.2857142857142857
hub|jiv|0.75|acu|0.75|cbu|0.3333333333333333|ura|0.3333333333333333|ata|0.3333333333333333
hun|cbu|0.4|ura|0.4|ata|0.4|con|0.4|tca|0.3333333333333333
huu|hto|0.8|cbu|0.2857142857142857|ura|0.2857142857142857|ata|0.2857142857142857|con|0.2857142857142857
huv|cbu|0.3333333333333333|ura|0.3333333333333333|ata|0.3333333333333333|con|0.3333333333333333|tca|0.2857142857142857
hvn|nfa|0.9|lex|0.5|kje|0.5|txq|0.47619047619047616|llg|0.47619047619047616
hye|lit|0.5|rus|0.46153846153846156|bel|0.46153846153846156|grc|0.46153846153846156|lvs|0.46153846153846156
iba|zlm|0.631578947368421|ind|0.631578947368421|zsm|0.631578947368421|mkn|0.631578947368421|agn|0.4
ibo|ikk|0.8571428571428571|ken|0.5333333333333333|mkl|0.5|nin|0.5|ndj|0.47058823529411764
ign|ame|0.5|not|0.46153846153846156|pib|0.4|cot|0.4|mcb|0.4
ikk|ibo|0.8571428571428571|ken|0.5333333333333333|mkl|0.5|nin|0.5|ndj|0.47058823529411764
imo|med|0.6666666666666666|gam|0.5|kue|0.46153846153846156|cbu|0.25|ura|0.25
inb|qvz|0.8|quh|0.5333333333333333|qve|0.5333333333333333|qul|0.5333333333333333|quf|0.42857142857142855
ind|zsm|0.8888888888888888|zlm|0.7777777777777778|mkn|0.6666666666666666|iba|0.631578947368421|agn|0.42857142857142855
iou|dah|0.6666666666666666|nca|0.6153846153846154|ded|0.42857142857142855|ksr|0.4|bmu|0.4
ipi|kyc|0.8|cbu|0.2857142857142857|ura|0.2857142857142857|ata|0.2857142857142857|con|0.2857142857142857
isl|dan|0.7058823529411765|swe|0.631578947368421|ltz|0.5|nld|0.5|afr|0.47619047619047616
ita|cat|0.72|lat|0.7|oci|0.6923076923076923|spa|0.6666666666666666|glg|0.6666666666666666
jac|knj|0.875|ctu|0.5|chf|0.5|caa|0.5|lac|0.42857142857142855
jav|jvn|0.8333333333333334|agn|0.5454545454545454|tbl|0.5|bps|0.46153846153846156|yka|0.46153846153846156
jic|cbu|0.4|ura|0.4|ata|0.4|con|0.4|tca|0.3333333333333333
jiv|hub|0.75|acu|0.75|cbu|0.3333333333333333|ura|0.3333333333333333|ata|0.3333333333333333
jvn|jav|0.8333333333333334|agn|0.5454545454545454|tbl|0.5|bps|0.46153846153846156|yka|0.46153846153846156
kam|kik|0.8|zga|0.75|ndj|0.7272727272727273|poy|0.7272727272727273|lug|0.72
kan|mal|0.47619047619047616|tam|0.45454545454545453|tel|0.4|cbu|0.18181818181818182|ura|0.18181818181818182
kaq|shp|0.875|cbs|0.6666666666666666|mcd|0.625|yaa|0.625|cbr|0.6153846153846154
kat|cbu|0.2857142857142857|ura|0.2857142857142857|ata|0.2857142857142857|con|0.2857142857142857|tca|0.25
kaz|tur|0.46153846153846156|uzn|0.42857142857142855|azj|0.42857142857142855|cbu|0.25|ura|0.25
kdc|cwe|0.896551724137931|ruf|0.8571428571428571|vid|0.7586206896551724|ngp|0.7333333333333333|ziw|0.7333333333333333
kde|ndj|0.7272727272727273|poy|0.7272727272727273|nnq|0.72|zga|0.6666666666666666|seh|0.6666666666666666
kdl|ibo|0.47058823529411764|ikk|0.47058823529411764|ken|0.4444444444444444|mkl|0.42105263157894735|nin|0.42105263157894735
kea|por|0.8823529411764706|glg|0.875|spa|0.8125|ast|0.8125|cat|0.8
kek|usp|0.8333333333333334|acr|0.7142857142857143|agu|0.6153846153846154|ttc|0.6153846153846154|lac|0.5
ken|ndj|0.6666666666666666|poy|0.6666666666666666|nhu|0.631578947368421|zga|0.6|seh|0.6
kfs|gbk|0.9|bhd|0.8571428571428571|xnr|0.8|dgo|0.8|mjl|0.7777777777777778
kfx|bfz|0.8888888888888888|mjl|0.8235294117647058|gbk|0.7368421052631579|kfs|0.7368421052631579|xnr|0.7368421052631579
khm|cbu|0.3333333333333333|ura|0.3333333333333333|ata|0.3333333333333333|con|0.3333333333333333|tca|0.2857142857142857
kik|kam|0.8|zga|0.72|ndj|0.6956521739130435|poy|0.6956521739130435|lug|0.6923076923076923
kje|lex|0.8|txq|0.5714285714285714|llg|0.5714285714285714|rgu|0.5217391304347826|hvn|0.5
klv|upv|0.8333333333333334|lww|0.64|tgp|0.5384615384615384|apb|0.5217391304347826|tnk|0.5
kmu|kyg|0.875|snp|0.8|bjr|0.42857142857142855|tbg|0.42857142857142855|omw|0.42857142857142855
kne|prf|0.42105263157894735|agn|0.375|jav|0.35294117647058826|jvn|0.35294117647058826|tbl|0.35294117647058826
knf|wol|0.42857142857142855|cbu|0.2|ura|0.2|ata|0.2|con|0.2
knj|jac|0.875|ctu|0.5|chf|0.5|caa|0.5|lac|0.42857142857142855
kor|cbu|0.4|ura|0.4|ata|0.4|con|0.4|tca|0.3333333333333333
ksr|bmu|0.8888888888888888|ded|0.8235294117647058|mpp|0.4444444444444444|iou|0.4|dah|0.4
kue|gam|0.46153846153846156|med|0.46153846153846156|imo|0.46153846153846156|cbu|0.2222222222222222|ura|0.2222222222222222
kvn|cuk|0.8571428571428571|gym|0.7142857142857143|sab|0.7142857142857143|tfr|0.6153846153846154|tuf|0.42857142857142855
kwd|kwf|0.9166666666666666|lgl|0.9166666666666666|far|0.88|apb|0.8181818181818182|aia|0.782608695652174
kwf|kwd|0.9166666666666666|lgl|0.9166666666666666|far|0.88|apb|0.8181818181818182|aia|0.782608695652174
kwi|cbu|0.3333333333333333|ura|0.3333333333333333|ata|0.3333333333333333|con|0.3333333333333333|tca|0.2857142857142857
kyc|ipi|0.8|cbu|0.2857142857142857|ura|0.2857142857142857|ata|0.2857142857142857|con|0.2857142857142857
kyf|cbu|0.25|ura|0.25|ata|0.25|con|0.25|tca|0.2222222222222222
kyg|kmu|0.875|snp|0.8|bjr|0.42857142857142855|tbg|0.42857142857142855|omw|0.42857142857142855
kyq|bjv|0.6666666666666666|cbu|0.2|ura|0.2|ata|0.2|con|0.2
kyz|urb|0.625|gyr|0.625|gub|0.5882352941176471|cbu|0.2|ura|0.2
lac|mop|0.6666666666666666|usp|0.5|kek|0.5|agu|0.46153846153846156|ttc|0.46153846153846156
lao|cbu|0.14285714285714285|ura|0.14285714285714285|ata|0.14285714285714285|con|0.14285714285714285|tca|0.13333333333333333
lat|ita|0.7|ron|0.7|cat|0.6666666666666666|oci|0.6363636363636364|spa|0.6086956521739131
lbb|rai|0.8333333333333334|rug|0.7407407407407407|bnp|0.6956521739130435|tte|0.6086956521739131|tgo|0.6086956521739131
lex|kje|0.8|txq|0.5714285714285714|llg|0.5714285714285714|rgu|0.5217391304347826|hvn|0.5
lgl|kwf|0.9166666666666666|kwd|0.9166666666666666|far|0.88|apb|0.8181818181818182|aia|0.782608695652174
lid|apb|0.5454545454545454|tnk|0.5217391304347826|bnp|0.5217391304347826|tte|0.5217391304347826|nlg|0.5217391304347826
lin|umb|0.5333333333333333|ndj|0.5|poy|0.5|zga|0.4666666666666667|seh|0.4666666666666667
lit|lvs|0.7692307692307693|rus|0.6153846153846154|bel|0.6153846153846154|pol|0.5714285714285714|ukr|0.5714285714285714
llg|txq|0.9090909090909091|rgu|0.75|lex|0.5714285714285714|kje|0.5714285714285714|hvn|0.47619047619047616
loz|mgh|0.7586206896551724|ndj|0.64|poy|0.64|zga|0.5925925925925926|seh|0.5925925925925926
ltz|deu|0.5833333333333334|nld|0.5454545454545454|dan|0.5263157894736842|afr|0.5217391304347826|eng|0.5
lug|sxb|0.7407407407407407|zga|0.72|kam|0.72|ndj|0.6956521739130435|poy|0.6956521739130435
luo|dik|0.42857142857142855|cbu|0.2|ura|0.2|ata|0.2|con|0.2
lvs|lit|0.7692307692307693|rus|0.5714285714285714|bel|0.5714285714285714|pol|0.5333333333333333|ukr|0.5333333333333333
lww|upv|0.6956521739130435|klv|0.64|tgp|0.56|apb|0.5454545454545454|tnk|0.5217391304347826
maj|maq|0.875|vmy|0.8235294117647058|pls|0.5555555555555556|zpl|0.47058823529411764|zpz|0.47058823529411764
mal|tam|0.8|kan|0.47619047619047616|tel|0.3333333333333333|cbu|0.14285714285714285|ura|0.14285714285714285
maq|maj|0.875|vmy|0.8235294117647058|pls|0.5555555555555556|zpl|0.47058823529411764|zpz|0.47058823529411764
mar|mjl|0.5263157894736842|kfx|0.5|pan|0.5|bfz|0.5|ory|0.5
maz|otq|0.7058823529411765|ote|0.7058823529411765|cco|0.5333333333333333|cso|0.47058823529411764|cuc|0.47058823529411764
mbb|obo|0.8421052631578947|mbt|0.7|cgc|0.5882352941176471|bkd|0.5263157894736842|ceb|0.47058823529411764
mbc|ake|0.7692307692307693|cbu|0.25|ura|0.25|ata|0.25|con|0.25
mbh|apr|0.7692307692307693|met|0.7692307692307693|mee|0.7407407407407407|tbc|0.7142857142857143|bzh|0.5925925925925926
mbj|cbu|0.4|ura|0.4|ata|0.4|con|0.4|tca|0.3333333333333333
mbt|obo|0.7368421052631579|mbb|0.7|cgc|0.5882352941176471|bkd|0.5263157894736842|ceb|0.47058823529411764
mca|cbu|0.3333333333333333|ura|0.3333333333333333|ata|0.3333333333333333|con|0.3333333333333333|tca|0.2857142857142857
mcb|cot|0.75|not|0.7142857142857143|cni|0.7058823529411765|cpu|0.6666666666666666|cjo|0.6666666666666666
mcd|yaa|0.875|cbs|0.8|shp|0.625|kaq|0.625|cbr|0.6153846153846154
mco|mxq|0.75|mto|0.6153846153846154|cbu|0.2|ura|0.2|ata|0.2
mcp|ndj|0.5833333333333334|poy|0.5833333333333334|bss|0.5714285714285714|ken|0.5454545454545454|zga|0.5384615384615384
mcq|bbb|0.6666666666666666|cbu|0.3333333333333333|ura|0.3333333333333333|ata|0.3333333333333333|con|0.3333333333333333
mdy|cbu|0.2857142857142857|ura|0.2857142857142857|ata|0.2857142857142857|con|0.2857142857142857|tca|0.25
med|imo|0.6666666666666666|gam|0.5|kue|0.46153846153846156|cbu|0.25|ura|0.25
mee|apr|0.8|met|0.8|mbh|0.7407407407407407|tbc|0.7407407407407407|bzh|0.6153846153846154
meq|muy|0.7777777777777778|xed|0.625|mqb|0.5333333333333333|hau|0.375|daa|0.3333333333333333
met|tbc|0.8461538461538461|apr|0.8333333333333334|mee|0.8|mbh|0.7692307692307693|bzh|0.64
mgh|loz|0.7586206896551724|ndj|0.6666666666666666|poy|0.6666666666666666|zga|0.6153846153846154|seh|0.6153846153846154
mib|xtm|0.8888888888888888|mie|0.8888888888888888|mpm|0.8888888888888888|mxb|0.8235294117647058|mit|0.7777777777777778
mie|xtm|0.8888888888888888|mpm|0.8888888888888888|mib|0.8888888888888888|mxb|0.8235294117647058|mit|0.7777777777777778
mih|mxt|0.9|mio|0.8|mxb|0.7777777777777778|mit|0.7368421052631579|xtm|0.7368421052631579
mil|xtd|0.8888888888888888|mxb|0.8235294117647058|mit|0.7777777777777778|xtm|0.7777777777777778|mie|0.7777777777777778
mio|mxt|0.8|mih|0.8|mxb|0.7777777777777778|mit|0.7368421052631579|xtm|0.7368421052631579
mit|mxb|0.8235294117647058|xtm|0.7777777777777778|mie|0.7777777777777778|mil|0.7777777777777778|xtd|0.7777777777777778
miz|mxb|0.8235294117647058|mit|0.7777777777777778|xtm|0.7777777777777778|mie|0.7777777777777778|mil|0.7777777777777778
mjl|kfx|0.8235294117647058|bfz|0.8235294117647058|gbk|0.7777777777777778|kfs|0.7777777777777778|xnr|0.7777777777777778
mkd|bul|0.8888888888888888|slv|0.7058823529411765|rus|0.625|bel|0.625|pol|0.5882352941176471
mkl|yor|0.7272727272727273|ibo|0.5|ikk|0.5|ken|0.47058823529411764|nin|0.4444444444444444
mkn|zlm|0.6666666666666666|ind|0.6666666666666666|zsm|0.6666666666666666|iba|0.631578947368421|agn|0.42857142857142855
mlt|arb|0.8235294117647058|heb|0.5555555555555556|amh|0.4444444444444444|cbu|0.18181818181818182|ura|0.18181818181818182
mop|lac|0.6666666666666666|usp|0.5|kek|0.5|agu|0.46153846153846156|ttc|0.46153846153846156
mox|tte|0.782608695652174|tgo|0.6956521739130435|mpx|0.6956521739130435|rro|0.64|bnp|0.6086956521739131
mpm|xtm|0.8888888888888888|mie|0.8888888888888888|mib|0.8888888888888888|mxb|0.8235294117647058|mit|0.7777777777777778
mpp|ded|0.47058823529411764|ksr|0.4444444444444444|bmu|0.4444444444444444|iou|0.4|dah|0.4
mpx|tgo|0.8181818181818182|rro|0.75|tte|0.7272727272727273|mox|0.6956521739130435|bnp|0.6363636363636364
mqb|xed|0.6153846153846154|muy|0.5333333333333333|meq|0.5333333333333333|hau|0.46153846153846156|daa|0.4
mqj|ptu|0.6666666666666666|agn|0.5|jav|0.46153846153846156|jvn|0.46153846153846156|tbl|0.46153846153846156
mri|apb|0.46153846153846156|tnk|0.4444444444444444|bnp|0.4444444444444444|tte|0.4444444444444444|nlg|0.4444444444444444
msy|geb|0.7692307692307693|gai|0.6153846153846154|cbu|0.2222222222222222|ura|0.2222222222222222|ata|0.2222222222222222
mto|mco|0.6153846153846154|mxq|0.6153846153846154|cbu|0.2857142857142857|ura|0.2857142857142857|ata|0.2857142857142857
muy|meq|0.7777777777777778|xed|0.625|mqb|0.5333333333333333|hau|0.375|daa|0.3333333333333333
mxb|mit|0.8235294117647058|xtm|0.8235294117647058|mie|0.8235294117647058|mil|0.8235294117647058|xtd|0.8235294117647058
mxq|mco|0.75|mto|0.6153846153846154|cbu|0.2|ura|0.2|ata|0.2
mxt|mih|0.9|mio|0.8|mxb|0.7777777777777778|mit|0.7368421052631579|xtm|0.7368421052631579
myk|spp|0.8|soy|0.6153846153846154|bba|0.5333333333333333|cme|0.5|box|0.4444444444444444
myy|sri|0.5714285714285714|tuo|0.5|tav|0.46153846153846156|pir|0.46153846153846156|bao|0.46153846153846156
nab|cbu|0.3333333333333333|ura|0.3333333333333333|ata|0.3333333333333333|con|0.3333333333333333|tca|0.2857142857142857
nas|cbu|0.2222222222222222|ura|0.2222222222222222|ata|0.2222222222222222|con|0.2222222222222222|tca|0.2
nca|iou|0.6153846153846154|dah|0.6153846153846154|ded|0.4|ksr|0.375|bmu|0.375
nch|nhw|0.875|nhe|0.875|ngu|0.8|nhy|0.8|azz|0.8
ncj|ncl|0.7058823529411765|ngu|0.6666666666666666|nhy|0.6666666666666666|azz|0.6666666666666666|nhw|0.625
ncl|ncj|0.7058823529411765|ngu|0.625|nhy|0.625|azz|0.625|nhw|0.5882352941176471
ncu|nko|0.75|fon|0.38095238095238093|soy|0.3157894736842105|myk|0.3|ibo|0.3
ndj|poy|0.9|zga|0.7272727272727273|seh|0.7272727272727273|nya|0.7272727272727273|kam|0.7272727272727273
nfa|hvn|0.9|lex|0.5|kje|0.5|txq|0.47619047619047616|llg|0.47619047619047616
ngp|ziw|0.9333333333333333|vid|0.8275862068965517|ruf|0.7857142857142857|cwe|0.7586206896551724|kdc|0.7333333333333333
ngu|nhy|0.8571428571428571|azz|0.8571428571428571|nhw|0.8|nhe|0.8|nch|0.8
nhe|nhw|0.875|nch|0.875|ngu|0.8|nhy|0.8|azz|0.8
nhu|ken|0.631578947368421|ndj|0.5714285714285714|poy|0.5714285714285714|zga|0.5217391304347826|seh|0.5217391304347826
nhw|nhe|0.875|nch|0.875|ngu|0.8|nhy|0.8|azz|0.8
nhy|ngu|0.8571428571428571|azz|0.8571428571428571|nhw|0.8|nhe|0.8|nch|0.8
nin|ibo|0.5|ikk|0.5|ken|0.47058823529411764|mkl|0.4444444444444444|ndj|0.42105263157894735
nko|ncu|0.75|fon|0.42105263157894735|soy|0.35294117647058826|myk|0.3333333333333333|ibo|0.3333333333333333
nld|afr|0.8695652173913043|ltz|0.5454545454545454|dan|0.5263157894736842|eng|0.5|isl|0.5
nlg|bgt|0.9090909090909091|apb|0.6666666666666666|aia|0.6363636363636364|kwf|0.6086956521739131|kwd|0.6086956521739131
nnq|kde|0.72|ndj|0.6956521739130435|poy|0.6956521739130435|zga|0.64|seh|0.64
noa|cbu|0.4|ura|0.4|ata|0.4|con|0.4|tca|0.3333333333333333
not|ame|0.7272727272727273|cot|0.7142857142857143|mcb|0.7142857142857143|cni|0.6666666666666666|cpu|0.625
npl|ngu|0.75|nhy|0.75|azz|0.75|nhw|0.7058823529411765|nhe|0.7058823529411765
nya|seh|0.8333333333333334|ndj|0.7272727272727273|poy|0.7272727272727273|zga|0.6666666666666666|kam|0.6666666666666666
obo|mbb|0.8421052631578947|mbt|0.7368421052631579|cgc|0.625|bkd|0.5555555555555556|ceb|0.5
oci|cat|0.8888888888888888|spa|0.8275862068965517|glg|0.8275862068965517|ast|0.8275862068965517|kea|0.7741935483870968
omw|bjr|0.8333333333333334|tbg|0.8333333333333334|awb|0.6153846153846154|agd|0.6153846153846154|snp|0.46153846153846156
ood|stp|0.6153846153846154|tac|0.5|ngu|0.46153846153846156|nhy|0.46153846153846156|crn|0.46153846153846156
ory|ben|0.7368421052631579|asm|0.7|mjl|0.5882352941176471|kfx|0.5555555555555556|pan|0.5555555555555556
ote|otq|0.8888888888888888|maz|0.7058823529411765|cco|0.5|cso|0.4444444444444444|cuc|0.4444444444444444
otq|ote|0.8888888888888888|maz|0.7058823529411765|cco|0.5|cso|0.4444444444444444|cuc|0.4444444444444444
pab|cbu|0.2857142857142857|ura|0.2857142857142857|ata|0.2857142857142857|con|0.2857142857142857|tca|0.25
pad|cbu|0.4|ura|0.4|ata|0.4|con|0.4|tca|0.3333333333333333
pan|snd|0.7777777777777778|mjl|0.5882352941176471|kfx|0.5555555555555556|bfz|0.5555555555555556|ory|0.5555555555555556
pao|cbu|0.25|ura|0.25|ata|0.25|con|0.25|tca|0.2222222222222222
pes|tgk|0.8333333333333334|pst|0.5263157894736842|sdh|0.45454545454545453|glk|0.45454545454545453|mjl|0.42105263157894735
pib|ame|0.46153846153846156|not|0.42857142857142855|ign|0.4|cot|0.375|mcb|0.375
pir|gvc|0.8571428571428571|cbc|0.6666666666666666|tue|0.6666666666666666|tuo|0.6153846153846154|tav|0.5714285714285714
pjt|cbu|0.18181818181818182|ura|0.18181818181818182|ata|0.18181818181818182|con|0.18181818181818182|tca|0.16666666666666666
pls|maj|0.5555555555555556|maq|0.5555555555555556|vmy|0.5263157894736842|zpl|0.42105263157894735|zpz|0.42105263157894735
poi|zos|0.6|cbu|0.2857142857142857|ura|0.2857142857142857|ata|0.2857142857142857|con|0.2857142857142857
pol|slk|0.75|ces|0.7058823529411765|rus|0.6666666666666666|bel|0.6666666666666666|ukr|0.625
por|kea|0.8823529411764706|glg|0.875|spa|0.8125|ast|0.8125|cat|0.8
poy|ndj|0.9|zga|0.7272727272727273|seh|0.7272727272727273|nya|0.7272727272727273|kam|0.7272727272727273
prf|agn|0.46153846153846156|jav|0.42857142857142855|jvn|0.42857142857142855|tbl|0.42857142857142855|kne|0.42105263157894735
pst|sdh|0.5263157894736842|glk|0.5263157894736842|pes|0.5263157894736842|mjl|0.5|tgk|0.47619047619047616
ptu|mqj|0.6666666666666666|agn|0.46153846153846156|jav|0.42857142857142855|jvn|0.42857142857142855|tbl|0.42857142857142855
qub|qxh|0.8333333333333334|qvh|0.6666666666666666|qwh|0.6666666666666666|qvn|0.6666666666666666|qvm|0.6666666666666666
quf|qvc|0.8|qvs|0.5454545454545454|quh|0.5454545454545454|qve|0.5454545454545454|qul|0.5454545454545454
quh|qul|0.8333333333333334|qve|0.6666666666666666|quf|0.5454545454545454|qvc|0.5454545454545454|inb|0.5333333333333333
qul|quh|0.8333333333333334|qve|0.6666666666666666|quf|0.5454545454545454|qvc|0.5454545454545454|inb|0.5333333333333333
qvc|quf|0.8|qvs|0.5454545454545454|quh|0.5454545454545454|qve|0.5454545454545454|qul|0.5454545454545454
qve|quh|0.6666666666666666|qul|0.6666666666666666|quf|0.5454545454545454|qvc|0.5454545454545454|inb|0.5333333333333333
qvh|qwh|0.8333333333333334|qvm|0.8333333333333334|qxo|0.7692307692307693|qxn|0.7692307692307693|qvn|0.6666666666666666
qvm|qvh|0.8333333333333334|qwh|0.8333333333333334|qxo|0.7692307692307693|qxn|0.7692307692307693|qvn|0.6666666666666666
qvn|qvh|0.6666666666666666|qwh|0.6666666666666666|qvm|0.6666666666666666|qxh|0.6666666666666666|qub|0.6666666666666666
qvs|quf|0.5454545454545454|qvc|0.5454545454545454|quh|0.5|qve|0.5|qul|0.5
qvw|qvh|0.6666666666666666|qwh|0.6666666666666666|qvn|0.6666666666666666|qvm|0.6666666666666666|qxh|0.6666666666666666
qvz|inb|0.8|quh|0.47058823529411764|qve|0.47058823529411764|qul|0.47058823529411764|quf|0.375
qwh|qvh|0.8333333333333334|qvm|0.8333333333333334|qxo|0.7692307692307693|qxn|0.7692307692307693|qvn|0.6666666666666666
qxh|qub|0.8333333333333334|qvh|0.6666666666666666|qwh|0.6666666666666666|qvn|0.6666666666666666|qvm|0.6666666666666666
qxn|qxo|0.8571428571428571|qvh|0.7692307692307693|qwh|0.7692307692307693|qvm|0.7692307692307693|qvn|0.6153846153846154
qxo|qxn|0.8571428571428571|qvh|0.7692307692307693|qwh|0.7692307692307693|qvm|0.7692307692307693|qvn|0.6153846153846154
rai|lbb|0.8333333333333334|rug|0.7407407407407407|bnp|0.6956521739130435|tte|0.6086956521739131|tgo|0.6086956521739131
rgu|txq|0.75|llg|0.75|lex|0.5217391304347826|kje|0.5217391304347826|hvn|0.43478260869565216
ron|lat|0.7|ita|0.6666666666666666|cat|0.64|oci|0.6153846153846154|spa|0.5925925925925926
rop|tcs|0.896551724137931|tpi|0.896551724137931|eng|0.8888888888888888|srm|0.8275862068965517|srn|0.8
rro|tgo|0.75|mpx|0.75|tte|0.6666666666666666|mox|0.64|bnp|0.5833333333333334
ruf|cwe|0.8888888888888888|kdc|0.8571428571428571|vid|0.8148148148148148|ngp|0.7857142857142857|ziw|0.7857142857142857
rug|lbb|0.7407407407407407|rai|0.7407407407407407|bnp|0.6153846153846154|tte|0.5384615384615384|tgo|0.5384615384615384
rus|bel|0.8571428571428571|ukr|0.8|pol|0.6666666666666666|slk|0.6666666666666666|slv|0.6666666666666666
sab|gym|0.8571428571428571|kvn|0.7142857142857143|cuk|0.7142857142857143|tfr|0.6153846153846154|tuf|0.42857142857142855
sdh|glk|0.7272727272727273|pst|0.5263157894736842|pes|0.45454545454545453|mjl|0.42105263157894735|tgk|0.4166666666666667
seh|nya|0.8333333333333334|ndj|0.7272727272727273|poy|0.7272727272727273|zga|0.6666666666666666|kam|0.6666666666666666
sey|snn|0.7692307692307693|cbu|0.25|ura|0.25|ata|0.25|con|0.25
sgb|agn|0.5|jav|0.46153846153846156|jvn|0.46153846153846156|tbl|0.46153846153846156|bps|0.42857142857142855
shp|kaq|0.875|cbs|0.6666666666666666|mcd|0.625|yaa|0.625|cbr|0.6153846153846154
sja|emp|0.5454545454545454|cbu|0.2857142857142857|ura|0.2857142857142857|ata|0.2857142857142857|con|0.2857142857142857
slk|ces|0.8235294117647058|pol|0.75|rus|0.6666666666666666|bel|0.6666666666666666|ukr|0.625
slv|mkd|0.7058823529411765|bul|0.7058823529411765|srp|0.7|bos|0.7|hrv|0.7
sna|ndj|0.6956521739130435|poy|0.6956521739130435|zga|0.64|seh|0.64|nya|0.64
snd|pan|0.7777777777777778|mjl|0.5882352941176471|kfx|0.5555555555555556|bfz|0.5555555555555556|ory|0.5555555555555556
snn|sey|0.7692307692307693|cbu|0.2222222222222222|ura|0.2222222222222222|ata|0.2222222222222222|con|0.2222222222222222
snp|kyg|0.8|kmu|0.8|bjr|0.46153846153846156|tbg|0.46153846153846156|omw|0.46153846153846156
som|cbu|0.16666666666666666|ura|0.16666666666666666|ata|0.16666666666666666|con|0.16666666666666666|tca|0.15384615384615385
soy|myk|0.6153846153846154|bba|0.5714285714285714|spp|0.5714285714285714|cme|0.5333333333333333|box|0.47058823529411764
spa|glg|0.8666666666666667|ast|0.8666666666666667|cat|0.8571428571428571|oci|0.8275862068965517|kea|0.8125
spp|myk|0.8|soy|0.5714285714285714|bba|0.5|cme|0.47058823529411764|box|0.42105263157894735
spy|cbu|0.25|ura|0.25|ata|0.25|con|0.25|tca|0.2222222222222222
sri|myy|0.5714285714285714|tuo|0.42857142857142855|tav|0.4|pir|0.4|bao|0.4
srm|srn|0.9032258064516129|djk|0.875|eng|0.8571428571428571|rop|0.8275862068965517|tcs|0.8
srn|djk|0.9090909090909091|srm|0.9032258064516129|eng|0.8275862068965517|rop|0.8|tcs|0.7741935483870968
srp|bos|0.9166666666666666|hrv|0.9166666666666666|slv|0.7|mkd|0.5714285714285714|bul|0.5714285714285714
stp|ood|0.6153846153846154|tac|0.46153846153846156|ngu|0.42857142857142855|nhy|0.42857142857142855|crn|0.42857142857142855
sus|yal|0.8571428571428571|cbu|0.2222222222222222|ura|0.2222222222222222|ata|0.2222222222222222|con|0.2222222222222222
suz|cbu|0.2|ura|0.2|ata|0.2|con|0.2|tca|0.18181818181818182
swe|dan|0.6666666666666666|isl|0.631578947368421|ltz|0.47619047619047616|nld|0.47619047619047616|afr|0.45454545454545453
swh|wmw|0.8571428571428571|ruf|0.7142857142857143|cwe|0.6896551724137931|vid|0.6896551724137931|zga|0.6666666666666666
sxb|lug|0.7407407407407407|zga|0.6923076923076923|kam|0.6923076923076923|wmw|0.6666666666666666|ndj|0.6666666666666666
tac|ood|0.5|ngu|0.46153846153846156|nhy|0.46153846153846156|crn|0.46153846153846156|stp|0.46153846153846156
taj|cbu|0.2|ura|0.2|ata|0.2|con|0.2|tca|0.18181818181818182
tam|mal|0.8|kan|0.45454545454545453|tel|0.3157894736842105|cbu|0.13333333333333333|ura|0.13333333333333333
tav|bao|0.8571428571428571|tuo|0.7692307692307693|pir|0.5714285714285714|gvc|0.5714285714285714|cbc|0.5333333333333333
tbc|met|0.8461538461538461|apr|0.7692307692307693|mee|0.7407407407407407|mbh|0.7142857142857143|bzh|0.5925925925925926
tbg|bjr|0.8333333333333334|omw|0.8333333333333334|awb|0.6153846153846154|agd|0.6153846153846154|snp|0.46153846153846156
tbl|bps|0.7692307692307693|bpr|0.7692307692307693|agn|0.5454545454545454|jav|0.5|jvn|0.5
tbz|xon|0.6451612903225806|gng|0.6451612903225806|gux|0.6451612903225806|box|0.6153846153846154|bba|0.5217391304347826
tca|cbu|0.4|ura|0.4|ata|0.4|con|0.4|bmr|0.3333333333333333
tcs|tpi|0.9333333333333333|rop|0.896551724137931|eng|0.8571428571428571|srm|0.8|srn|0.7741935483870968
tee|tpt|0.75|cbu|0.3333333333333333|ura|0.3333333333333333|ata|0.3333333333333333|con|0.3333333333333333
tel|kan|0.4|mal|0.3333333333333333|tam|0.3157894736842105|cbu|0.25|ura|0.25
tew|cbu|0.3333333333333333|ura|0.3333333333333333|ata|0.3333333333333333|con|0.3333333333333333|tca|0.2857142857142857
tfr|kvn|0.6153846153846154|gym|0.6153846153846154|cuk|0.6153846153846154|sab|0.6153846153846154|tuf|0.46153846153846156
tgk|pes|0.8333333333333334|pst|0.47619047619047616|sdh|0.4166666666666667|glk|0.4166666666666667|mjl|0.38095238095238093
tgo|mpx|0.8181818181818182|rro|0.75|tte|0.7272727272727273|mox|0.6956521739130435|bnp|0.6363636363636364
tgp|upv|0.5833333333333334|lww|0.56|klv|0.5384615384615384|apb|0.5217391304347826|tnk|0.5
tna|ese|0.7272727272727273|cbu|0.25|ura|0.25|ata|0.25|con|0.25
tnk|tnp|0.782608695652174|tnn|0.782608695652174|apb|0.5714285714285714|bnp|0.5454545454545454|tte|0.5454545454545454
tnn|tnp|0.9166666666666666|tnk|0.782608695652174|apb|0.5454545454545454|bnp|0.5217391304347826|tte|0.5217391304347826
tnp|tnn|0.9166666666666666|tnk|0.782608695652174|apb|0.5454545454545454|bnp|0.5217391304347826|tte|0.5217391304347826
toc|tos|0.8571428571428571|cbu|0.2222222222222222|ura|0.2222222222222222|ata|0.2222222222222222|con|0.2222222222222222
toi|ndj|0.6956521739130435|poy|0.6956521739130435|zga|0.64|seh|0.64|nya|0.64
tos|toc|0.8571428571428571|cbu|0.2222222222222222|ura|0.2222222222222222|ata|0.2222222222222222|con|0.2222222222222222
tpi|tcs|0.9333333333333333|rop|0.896551724137931|eng|0.8571428571428571|srm|0.8|srn|0.7741935483870968
tpt|tee|0.75|cbu|0.3333333333333333|ura|0.3333333333333333|ata|0.3333333333333333|con|0.3333333333333333
trc|mxb|0.6666666666666666|mit|0.625|xtm|0.625|mie|0.625|mil|0.625
ttc|agu|0.7142857142857143|usp|0.6153846153846154|kek|0.6153846153846154|acr|0.5333333333333333|lac|0.46153846153846156
tte|mox|0.782608695652174|tgo|0.7272727272727273|mpx|0.7272727272727273|rro|0.6666666666666666|bnp|0.6363636363636364
tue|cbc|0.75|pir|0.6666666666666666|gvc|0.6666666666666666|tuo|0.5714285714285714|tav|0.5333333333333333
tuf|tfr|0.46153846153846156|kvn|0.42857142857142855|gym|0.42857142857142855|cuk|0.42857142857142855|sab|0.42857142857142855
tuo|tav|0.7692307692307693|bao|0.7692307692307693|pir|0.6153846153846154|gvc|0.6153846153846154|cbc|0.5714285714285714
tur|azj|0.6666666666666666|kaz|0.46153846153846156|uzn|0.4|cbu|0.2222222222222222|ura|0.2222222222222222
txq|llg|0.9090909090909091|rgu|0.75|lex|0.5714285714285714|kje|0.5714285714285714|hvn|0.47619047619047616
txu|cbu|0.25|ura|0.25|ata|0.25|con|0.25|tca|0.2222222222222222
udu|cbu|0.2857142857142857|ura|0.2857142857142857|ata|0.2857142857142857|con|0.2857142857142857|tca|0.25
ukr|rus|0.8|bel|0.8|pol|0.625|slk|0.625|slv|0.625
umb|ndj|0.6363636363636364|poy|0.6363636363636364|ken|0.6|zga|0.5833333333333334|seh|0.5833333333333334
upv|klv|0.8333333333333334|lww|0.6956521739130435|tgp|0.5833333333333334|apb|0.5714285714285714|tnk|0.5454545454545454
ura|cbu|0.5|ata|0.5|con|0.5|tca|0.4|bmr|0.4
urb|gyr|0.625|kyz|0.625|gub|0.5882352941176471|cbu|0.2|ura|0.2
urd|hin|0.9|bgc|0.8421052631578947|guj|0.7|mjl|0.5555555555555556|kfx|0.5263157894736842
urk|zlm|0.8421052631578947|ind|0.7368421052631579|zsm|0.7368421052631579|mkn|0.631578947368421|iba|0.6
urt|cbu|0.3333333333333333|ura|0.3333333333333333|ata|0.3333333333333333|con|0.3333333333333333|tca|0.2857142857142857
usp|kek|0.8333333333333334|acr|0.7142857142857143|agu|0.6153846153846154|ttc|0.6153846153846154|lac|0.5
uzn|kaz|0.42857142857142855|tur|0.4|azj|0.375|cbu|0.2|ura|0.2
vid|ngp|0.8275862068965517|ziw|0.8275862068965517|ruf|0.8148148148148148|cwe|0.7857142857142857|kdc|0.7586206896551724
vie|cbu|0.2857142857142857|ura|0.2857142857142857|ata|0.2857142857142857|con|0.2857142857142857|tca|0.25
vmy|maj|0.8235294117647058|maq|0.8235294117647058|pls|0.5263157894736842|zpl|0.4444444444444444|zpz|0.4444444444444444
wap|cbu|0.2222222222222222|ura|0.2222222222222222|ata|0.2222222222222222|con|0.2222222222222222|tca|0.2
wmw|swh|0.8571428571428571|ruf|0.7692307692307693|cwe|0.7407407407407407|vid|0.7407407407407407|zga|0.72
wol|knf|0.42857142857142855|cbu|0.25|ura|0.25|ata|0.25|con|0.25
xed|muy|0.625|meq|0.625|mqb|0.6153846153846154|hau|0.42857142857142855|daa|0.375
xng|cbu|0.3333333333333333|ura|0.3333333333333333|ata|0.3333333333333333|con|0.3333333333333333|tca|0.2857142857142857
xnr|dgo|0.9|gbk|0.8|kfs|0.8|mjl|0.7777777777777778|bhd|0.7619047619047619
xon|gng|0.9375|gux|0.875|tbz|0.6451612903225806|box|0.5925925925925926|bba|0.5
xtd|mil|0.8888888888888888|mxb|0.8235294117647058|mit|0.7777777777777778|xtm|0.7777777777777778|mie|0.7777777777777778
xtm|mie|0.8888888888888888|mpm|0.8888888888888888|mib|0.8888888888888888|mxb|0.8235294117647058|mit|0.7777777777777778
yaa|mcd|0.875|cbs|0.8|shp|0.625|kaq|0.625|cbr|0.6153846153846154
yad|cbu|0.4|ura|0.4|ata|0.4|con|0.4|tca|0.3333333333333333
yal|sus|0.8571428571428571|cbu|0.2222222222222222|ura|0.2222222222222222|ata|0.2222222222222222|con|0.2222222222222222
ycn|cbu|0.25|ura|0.25|ata|0.25|con|0.25|tca|0.2222222222222222
yka|agn|0.5|jav|0.46153846153846156|jvn|0.46153846153846156|tbl|0.46153846153846156|bps|0.42857142857142855
yor|mkl|0.7272727272727273|ibo|0.4|ikk|0.4|ken|0.38095238095238093|nin|0.36363636363636365
yre|bus|0.375|bqp|0.375|bqc|0.375|cbu|0.2|ura|0.2
yva|cbu|0.4|ura|0.4|ata|0.4|con|0.4|tca|0.3333333333333333
zaa|zpc|0.8571428571428571|zad|0.8181818181818182|zar|0.8181818181818182|zav|0.8181818181818182|zty|0.8181818181818182
zab|zai|0.8695652173913043|zac|0.8695652173913043|zaw|0.8571428571428571|zas|0.8571428571428571|zpm|0.782608695652174
zac|zai|0.9166666666666666|zab|0.8695652173913043|zaw|0.8181818181818182|zas|0.8181818181818182|zpm|0.75
zad|zav|0.9090909090909091|zpu|0.9090909090909091|zpc|0.8571428571428571|zar|0.8181818181818182|zty|0.8181818181818182
zai|zac|0.9166666666666666|zab|0.8695652173913043|zaw|0.8181818181818182|zas|0.8181818181818182|zpm|0.75
zam|zao|0.9090909090909091|zaw|0.7619047619047619|zpc|0.7619047619047619|zas|0.7619047619047619|zad|0.7272727272727273
zao|zam|0.9090909090909091|zaw|0.7619047619047619|zpc|0.7619047619047619|zas|0.7619047619047619|zad|0.7272727272727273
zar|zty|0.9090909090909091|zpc|0.8571428571428571|zad|0.8181818181818182|zav|0.8181818181818182|zaa|0.8181818181818182
zas|zaw|0.9|zab|0.8571428571428571|zpm|0.8181818181818182|zai|0.8181818181818182|zac|0.8181818181818182
zav|zad|0.9090909090909091|zpu|0.9090909090909091|zpc|0.8571428571428571|zar|0.8181818181818182|zty|0.8181818181818182
zaw|zas|0.9|zab|0.8571428571428571|zpm|0.8181818181818182|zai|0.8181818181818182|zac|0.8181818181818182
zca|zpo|0.8421052631578947|zpz|0.7777777777777778|zaw|0.7368421052631579|zpc|0.7368421052631579|zas|0.7368421052631579
zga|kam|0.75|ndj|0.7272727272727273|poy|0.7272727272727273|lug|0.72|wmw|0.72
ziw|ngp|0.9333333333333333|vid|0.8275862068965517|ruf|0.7857142857142857|cwe|0.7586206896551724|kdc|0.7333333333333333
zlm|ind|0.7777777777777778|zsm|0.7777777777777778|mkn|0.6666666666666666|iba|0.631578947368421|agn|0.42857142857142855
zos|poi|0.6|cbu|0.2857142857142857|ura|0.2857142857142857|ata|0.2857142857142857|con|0.2857142857142857
zpc|zad|0.8571428571428571|zar|0.8571428571428571|zav|0.8571428571428571|zty|0.8571428571428571|zaa|0.8571428571428571
zpl|zpz|0.6666666666666666|zca|0.6666666666666666|zaw|0.631578947368421|zpo|0.631578947368421|zpc|0.631578947368421
zpm|ztq|0.9166666666666666|zaw|0.8181818181818182|zas|0.8181818181818182|zab|0.782608695652174|zai|0.75
zpo|zca|0.8421052631578947|zpz|0.7368421052631579|zaw|0.7|zpc|0.7|zas|0.7
zpu|zad|0.9090909090909091|zav|0.9090909090909091|zpc|0.8571428571428571|zar|0.8181818181818182|zty|0.8181818181818182
zpz|zca|0.7777777777777778|zaw|0.7368421052631579|zpo|0.7368421052631579|zpc|0.7368421052631579|zas|0.7368421052631579
zsm|ind|0.8888888888888888|zlm|0.7777777777777778|mkn|0.6666666666666666|iba|0.631578947368421|agn|0.42857142857142855
ztq|zpm|0.9166666666666666|zaw|0.8181818181818182|zas|0.8181818181818182|zab|0.782608695652174|zai|0.75
zty|zar|0.9090909090909091|zpc|0.8571428571428571|zad|0.8181818181818182|zav|0.8181818181818182|zaa|0.8181818181818182
zyp|cek|0.5333333333333333|hlt|0.5|cbu|0.2|ura|0.2|ata|0.2
