target_lang|closest_lang_0|map_dist_0|closest_lang_1|map_dist_1|closest_lang_2|map_dist_2|closest_lang_3|map_dist_3|closest_lang_4|map_dist_4
acf|ake|0.0511238951380472|car|0.05835941820475076|hat|0.06030537116812225|mbc|0.06156402864529661|srn|0.062322683945035116
acr|usp|0.0033098590911045432|agu|0.0053707072236741935|caa|0.00616000700771856|kek|0.006176817407353285|jac|0.0077564565477554895
acu|jiv|0.006193285786324822|hub|0.007566348856948257|cbu|0.008016385196318487|qvz|0.008570312184917878|arl|0.013148936303236346
afr|sna|0.026546645829321716|seh|0.02864745573505725|toi|0.02953011623282917|loz|0.03637332191712479|nya|0.042487392876426076
agd|omw|0.0008359276597081865|bjr|0.0010267043011479358|tbg|0.0017272246261028825|nca|0.0022353941137888416|kmu|0.002236989622727192
agg|urt|0.008859174583176177|ipi|0.01411340282396658|kyc|0.019031900325968763|gai|0.019628298858568646|geb|0.019726377926349882
agn|cgc|0.0012442883299378727|fil|0.022881938525663822|yka|0.025673798939903195|sgb|0.026152634605457116|ceb|0.028454976304246586
agr|cbt|0.0063544968839533466|hub|0.0072452972534734|cbu|0.008027407170766828|quf|0.009822950889716641|qvc|0.01015425955653575
agu|usp|0.0022944288564899357|jac|0.0026116462342385804|knj|0.0031773881906000407|ttc|0.004343305398177929|acr|0.0053707072236741935
aia|apb|0.0035523750967233736|kwd|0.0076658810602807225|lgl|0.008743092286189314|kwf|0.008911785596379182|nlg|0.009520067655208526
ake|mbc|0.010796127757570075|wap|0.02062076400339573|car|0.022375254425218535|srn|0.030673053929213417|hns|0.030699695260945653
alp|kje|0.028105640371358553|lex|0.02813340645349952|blz|0.030987743938988902|yva|0.04437524823360865|amk|0.04572185434041881
ame|qxh|0.003855644110266452|cpu|0.003918057152719171|qvn|0.004586793886985476|qub|0.005598708152209601|cjo|0.00620376216855003
amf|mdy|0.005398599971382114|spy|0.024648449055112202|udu|0.02592607719233255|kik|0.029623836779551698|lug|0.03433925469200205
amh|udu|0.03231732285429377|mdy|0.03494916961897274|amf|0.04032661173477921|som|0.04920507293460932|dik|0.06488065829948952
amk|yva|0.0015827039924621554|agg|0.02788446125082983|urt|0.03609187116083684|ipi|0.04137681965469771|alp|0.04572185434041881
apb|aia|0.0035523750967233736|kwd|0.0045965311480884044|lgl|0.005887318112610826|kwf|0.0059233522098941635|far|0.006512263891898271
apr|met|0.0035800215834286245|dah|0.004023772641460006|iou|0.006046743652926183|nca|0.006306869346484899|mpp|0.0065522347929742085
arb|sdh|0.03035852939060325|heb|0.046198614620794866|pes|0.052948117466245406|glk|0.058058997647369395|hye|0.06695823929134335
arl|qvz|0.0054538160191209845|huu|0.008212716883662877|sey|0.008742095613073785|hto|0.011090290204657448|acu|0.013148936303236346
asm|ben|0.013273924825999206|hlt|0.017223422403673954|taj|0.022032915932724006|zyp|0.022120624769670694|suz|0.02630134239969947
ast|glg|0.006303868658338297|por|0.016426795496404058|spa|0.023241525380544113|cat|0.03191462525208698|fra|0.044162554906487
ata|mee|0.0018898611655929441|mbh|0.002696286185276348|bnp|0.005291078914225552|lbb|0.010915782139279516|rai|0.010994429834218538
atb|zyp|0.02762132928695716|hlt|0.028604322814376082|cek|0.030992392100076576|lao|0.03562138003108588|asm|0.037184630648993355
atg|ikk|0.004394915317818289|yor|0.01402479598846426|ibo|0.015067590621741907|kdl|0.015393540004973612|nin|0.015962829619650867
awb|byr|0.0014321286322450607|tbg|0.0015592227378490068|kyg|0.0017010363285354262|kmu|0.0017149012626458844|omw|0.0019131565726137037
azg|mio|0.0012214712302775924|mih|0.001280315790837884|mxt|0.0019500824107308917|mpm|0.003170210041820207|trc|0.003525602064234248
azj|hye|0.008274300134709126|kat|0.012232606549255644|glk|0.0258137318400062|sdh|0.044829771080408434|pes|0.05410985715228634
azz|tos|0.0012812177014088124|ncj|0.0022281702576753743|toc|0.002258252882844541|tee|0.003239456985550702|tpt|0.004509486114505753
bao|sri|0.0007397048046922495|tue|0.0008375031152505282|tav|0.0024770292172246263|myy|0.0025300642495200087|cbc|0.003178507017083694
bba|bus|0.004452774580113553|bqc|0.006300297809840244|dop|0.0073063587113263995|mkl|0.007815148600179183|bqp|0.00784925925034916
bbb|tpi|0.003280608802204472|mcq|0.003317116036194719|bjz|0.004744624220262375|rro|0.008636176068681155|mox|0.01491504932893751
bel|lit|0.011915128687357003|lvs|0.021590376425347717|ukr|0.024319830859849734|pol|0.024883804252578797|ekk|0.029614680053553943
bem|zga|0.02791117089899991|nya|0.030015193359606465|sna|0.03656754359398208|ndj|0.038890602479713425|toi|0.039486869659377505
ben|asm|0.013273924825999206|hlt|0.014927088318150861|zyp|0.01858769312205342|cek|0.02188797871267116|taj|0.023517702691490422
bfz|mjl|0.003766615026618451|kfs|0.004586145607865863|kfx|0.004631966272761315|xnr|0.007476802554493991|gbk|0.008764531320072193
bgc|pan|0.005935093769349599|bfz|0.01316835216003529|kfs|0.013467292132099748|mjl|0.014799162235617065|xnr|0.016137502366539085
bgt|nlg|0.003777287120827428|lgl|0.005497589150480756|kwf|0.005724225173496886|far|0.005860630831134614|kwd|0.006880727446049317
bhd|dgo|0.004124719260037208|gbk|0.006087678808615329|xnr|0.00794327306650839|kfx|0.010711832412628824|mjl|0.011119858254176478
bjr|agd|0.0010267043011479358|omw|0.001416229262285208|tbg|0.0018122873898726653|nca|0.0020963489115261155|iou|0.0028324793465784575
bjv|kyq|0.01770391467518639|daa|0.020566775497519403|mqb|0.020846639261427758|muy|0.020911758648528206|meq|0.02109348558043434
bjz|mcq|0.0027111439436450367|bbb|0.004744624220262375|tpi|0.008005868734919697|mox|0.010216716472829701|rro|0.012836136571865735
bkd|mbb|0.0027403385817194046|mbt|0.002837016737854143|ceb|0.0031556960977108203|obo|0.004921141744104229|bpr|0.010821699535152057
blz|mqj|0.02444234806026792|ptu|0.02567846667306448|alp|0.030987743938988902|tbl|0.03970350057503104|bps|0.039857018673377494
bmr|hto|0.005356669904713404|boa|0.0063433995701864775|ycn|0.007931391590723952|huu|0.007977798451739595|tav|0.013136793352035157
bmu|ksr|0.0010226125357517153|ded|0.0017879413627736017|mpp|0.002335366086307045|bzh|0.0036458976593210265|iou|0.004191859954460288
bnp|mbh|0.003744060993179284|ata|0.005291078914225552|mee|0.007095848506725285|mpp|0.013862501931952835|ded|0.014399953399156696
boa|hto|0.005372932695113912|bmr|0.0063433995701864775|yad|0.007901448166214542|ycn|0.009777330696740022|huu|0.009982542759187012
boj|nca|0.002964314517364145|dah|0.004215891303098502|agd|0.0042757554131557345|gam|0.004433838032363653|tbc|0.0044822166585908735
bos|hrv|0.010321444010043758|slv|0.01602785352931204|ita|0.018352733004501433|srp|0.01967650966577116|hun|0.01977445736329039
box|cme|0.009793178817106602|myk|0.012129090791364792|spp|0.013203441215498275|xon|0.021991206333817043|gng|0.02356355774364275
bpr|bps|0.0021338452429649933|tbl|0.0025947910831907225|obo|0.006022077007713993|mbb|0.00814997450457035|mbt|0.008423468786254362
bps|bpr|0.0021338452429649933|tbl|0.004608554682770437|obo|0.007087298005172486|mbt|0.009373306039770886|mbb|0.00948039765687587
bqc|mkl|0.004621259146142505|bqp|0.005024465696280307|bus|0.005502046583162579|bba|0.006300297809840244|kdl|0.008162244542715897
bqp|kdl|0.00316640088028245|bus|0.003909340376179298|bqc|0.005024465696280307|bba|0.00784925925034916|mkl|0.009642466165827887
bss|ken|0.003679436940451904|nhu|0.009476559993729653|ibo|0.013525409706781996|mcp|0.019463735584384145|ikk|0.02016068210498887
bul|srp|0.01365490402431639|mkd|0.016592199589883665|ron|0.017124566283766355|grc|0.023638214890778504|hun|0.028914115431658307
bus|bqp|0.003909340376179298|bba|0.004452774580113553|bqc|0.005502046583162579|kdl|0.005979957600023696|mkl|0.009314945897695097
byr|awb|0.0014321286322450607|tbg|0.002225061876010426|omw|0.0030027330192858408|kyg|0.0030221935724751227|kmu|0.003141240961936583
bzh|iou|0.0033045390707394044|bmu|0.0036458976593210265|ksr|0.00439777575188535|tbg|0.004905113107792541|bjr|0.005153698441509152
bzj|mop|0.006215232492969843|kek|0.011625700763820768|cab|0.014552850062982582|caa|0.014617338349916464|lac|0.015006755482371474
caa|kek|0.003102417223376229|acr|0.00616000700771856|mop|0.008541037454723241|usp|0.009384354083655292|agu|0.011528144193882376
cab|jic|0.003847298741116372|kek|0.012539282537818292|mop|0.012812885470112995|caa|0.012852397711828358|bzj|0.014552850062982582
cap|quh|0.014582053092566539|ign|0.024041605470454096|qul|0.024467615976900704|tna|0.02958970986827797|cax|0.03401574470102617
car|srn|0.008317328257617551|hns|0.00832468954150092|jvn|0.012247591347034409|djk|0.014781826830411003|srm|0.01712199210369129
cat|spa|0.012626756619150428|oci|0.02617928478295294|ast|0.03191462525208698|fra|0.03641044444113807|glg|0.03802910468767456
cax|gyr|0.0052690867999851095|nab|0.01811168050336967|ign|0.021232056780437145|pab|0.026531367447077837|quh|0.03306108168237757
cbc|pir|0.002588279410343783|myy|0.0026426557560650685|tue|0.0028747183134030614|tuo|0.0028902872089230417|bao|0.003178507017083694
cbi|kwi|0.004829743821848795|cof|0.0052237476751901026|con|0.011316634950802753|inb|0.012290704210326646|snn|0.01698770887958643
cbr|qub|0.004898511199590751|qvh|0.0056320965593120555|qxh|0.006395466027854705|qvm|0.008655509569464087|shp|0.009086429712693602
cbs|mcd|0.0008335740994105665|yaa|0.0024919440549092784|cpb|0.011101903268486459|pib|0.013984139001563478|mcb|0.015169558703724145
cbt|agr|0.0063544968839533466|qvs|0.007356965879319468|cbu|0.007759223984659584|ura|0.010218319555034145|hub|0.011128218251602304
cbu|hub|0.005959353286789236|cbt|0.007759223984659584|acu|0.008016385196318487|agr|0.008027407170766828|jiv|0.00821252474413058
cbv|gvc|0.0010381998839688851|tuo|0.0017036563303252856|pir|0.0021327984088513005|tue|0.003808043485375998|sri|0.004248792630933852
cco|cnt|0.0008374521673668467|zar|0.0010636575803721236|chz|0.001308345531136348|zaa|0.0013147421967910676|cso|0.0014372400000481368
ceb|bkd|0.0031556960977108203|mbb|0.004712440525521274|mbt|0.005716953909533493|obo|0.007255679048530845|tbl|0.012112519786650856
cek|zyp|0.006564323247830486|hlt|0.011030332646164615|ben|0.02188797871267116|asm|0.0279325929979362|atb|0.030992392100076576
ces|deu|0.01176299269089866|slk|0.015301470923978884|pol|0.016540448646606535|slv|0.020153946450086918|hun|0.02356855961023961
cgc|agn|0.0012442883299378727|fil|0.02198014516274487|yka|0.02476268322162817|sgb|0.026351145149143818|ceb|0.027220033925670076
chf|ctu|0.004027735040269457|zos|0.0055601826767311315|lac|0.009437351231474362|poi|0.011499664845923558|zai|0.014684717620320179
chv|rus|0.021345092676441888|ukr|0.06605907172616157|ekk|0.06669820408380972|bel|0.07088166878314879|lvs|0.07193142048224647
chz|cpa|0.0012001615475450784|cco|0.001308345531136348|cnl|0.0013222821520712162|zar|0.0014755572007090854|cuc|0.0015582124773131701
cjo|cpu|0.0027054457588950712|not|0.004483149405528629|pib|0.005248750323807181|cot|0.00574792785373685|ame|0.00620376216855003
cle|mto|0.0007383930339437603|zpc|0.0007430342232642691|zty|0.0014508830121595614|cnl|0.0015333639673966734|zpu|0.0016521288888363354
cme|spp|0.009757497863592014|box|0.009793178817106602|myk|0.013190798780757183|yre|0.017874732391003227|kyf|0.018104606330996687
cmn|kor|0.04865623439688831|xng|0.05689278953909708|vie|0.11816197759970574|atb|0.12127965697235833|kne|0.13015539889632388
cni|cot|0.0035404851578387034|not|0.0036243322228536757|pib|0.005598606008783616|cjo|0.006681025317386575|qvw|0.00719987017254068
cnl|zpc|0.0010983381446920677|chz|0.0013222821520712162|cle|0.0015333639673966734|zar|0.0018029135391522367|zty|0.0019171680019237653
cnt|cso|0.000599805371720087|cco|0.0008374521673668467|cuc|0.0013443623865321214|cpa|0.0014252279343903997|zaa|0.0016558292113537944
cof|cbi|0.0052237476751901026|kwi|0.009333735124402925|con|0.01237629090912161|inb|0.014820197667003147|snn|0.01810680623295234
con|inb|0.004172544989347886|snn|0.0057951743690416|kwi|0.008796996241867867|sey|0.009335188258195065|cbi|0.011316634950802753
cot|pib|0.0021907809415356947|cni|0.0035404851578387034|not|0.005418318413690205|cjo|0.00574792785373685|mcb|0.0062652160840671175
cpa|cuc|0.00040132916161000404|chz|0.0012001615475450784|maj|0.001367737866802598|cnt|0.0014252279343903997|cso|0.0014928292192174673
cpb|cjo|0.008941350447385737|pib|0.008952816471412918|yaa|0.008971019424320898|cpu|0.009474710731171943|cot|0.011079786690761099
cpu|cjo|0.0027054457588950712|ame|0.003918057152719171|qxh|0.005696972322417786|not|0.0059441810019784935|qub|0.0073713722667819144
crn|stp|0.004831473483211682|ncl|0.023245623694862935|otq|0.0258370436096686|maz|0.02744278390831619|ote|0.02818539110001416
cso|cnt|0.000599805371720087|cuc|0.0012524682503762769|cco|0.0014372400000481368|maq|0.0014472053286865919|cpa|0.0014928292192174673
ctu|chf|0.004027735040269457|zos|0.004795034310328582|lac|0.006137193588889321|jac|0.010994207920194385|knj|0.011013454456303676
cuc|cpa|0.00040132916161000404|maj|0.0010153826903291647|cso|0.0012524682503762769|cnt|0.0013443623865321214|vmy|0.0014107830923739254
cui|guh|0.005082605168745142|tuf|0.013153613645797087|guo|0.021427762036153|gvc|0.028352143661586553|cbv|0.02939005374083917
cuk|noa|0.00400619453728959|kvn|0.009244255862550744|emp|0.0119248505385686|sab|0.016529939830001426|gym|0.022522336406242315
cwe|ziw|0.004912763825940697|kdc|0.005167637502923065|ruf|0.005305948247972923|ngp|0.005760339311773519|vid|0.010083248773696143
cya|zpz|0.0022066599704059836|zam|0.0026011250533829735|zca|0.003347266346184373|zpl|0.0036278888440793933|mxt|0.003854526416933899
cym|eng|0.011603512944658737|gle|0.01399157721221969|nld|0.030879708655801925|fra|0.030917830848316116|ltz|0.037948442211095744
daa|kyq|0.0029063229793498987|bjv|0.020566775497519403|muy|0.02384962995286374|mqb|0.024223462755245288|meq|0.0246843977187824
dah|nca|0.002283613432637808|met|0.002691741700302375|iou|0.0036751458007453133|bjr|0.0037319079497797197|apr|0.004023772641460006
dan|nld|0.021539633547601|ltz|0.030830157908591015|ces|0.033936197131231007|pol|0.03507846144235206|eng|0.03553551414253818
ded|mpp|0.0005492887332173681|ksr|0.0012064184480142428|bmu|0.0017879413627736017|met|0.004968423468164281|bzh|0.005423500366870932
deu|ces|0.01176299269089866|slv|0.015901716956670153|hrv|0.02175593548239422|slk|0.023293888977182906|ltz|0.023734383933176995
dgo|bhd|0.004124719260037208|gbk|0.004182863100350741|xnr|0.004695304779128873|kfs|0.007918554525350154|mjl|0.008418889585081432
dgr|gwi|0.06390922472685368|pao|0.1286473930957885|tew|0.1563236098523082|ood|0.17535556256762794|tac|0.20131820004631643
dik|udu|0.03396056672798973|lug|0.05039643498202371|amf|0.051092809922929146|mdy|0.051798188638359464|daa|0.056074957661444096
djk|srm|0.0036666843499442163|jvn|0.007266160273946505|hns|0.008687312890711625|srn|0.009214860745965957|car|0.014781826830411003
dop|soy|0.0029846626955891396|tbz|0.004448671503950332|gng|0.0066618557190149755|bba|0.0073063587113263995|xon|0.007814278396854817
ekk|lvs|0.010186611807004422|lit|0.0197952110397116|swe|0.02506596809633255|bel|0.029614680053553943|fin|0.03461808136267934
ell|grc|0.009641441099162693|mkd|0.01884503263554451|bul|0.02893189244067907|srp|0.03349529550807013|bos|0.039783980246974666
emp|kvn|0.004973241343868433|noa|0.0079427885789391|cuk|0.0119248505385686|sja|0.015905309297434386|sab|0.021825496067713945
eng|cym|0.011603512944658737|nld|0.021108103791684457|gle|0.022171190410499312|fra|0.02976419224024488|ltz|0.03096569005887727
ese|tna|0.009644116270490676|qul|0.016325927082787472|ign|0.021979480006180892|mcd|0.022256552114549893|cbs|0.022874879757964865
far|kwf|0.0009771281378142872|lgl|0.00142765504724448|kwd|0.0020021837287899588|nlg|0.004485773010622309|bgt|0.005860630831134614
fil|cgc|0.02198014516274487|ceb|0.022000486963364707|agn|0.022881938525663822|sgb|0.02294795196076517|bkd|0.024011224270871767
fin|ekk|0.03461808136267934|swe|0.03478162253734687|lvs|0.0434440009324647|lit|0.05375911902853086|bel|0.06421831780591483
fon|nko|0.00742613450486474|yor|0.011084138621422993|ncu|0.012039509232937949|dop|0.013073882086256873|soy|0.01552703011539
fra|ltz|0.01786952772002082|nld|0.024699095083768493|oci|0.028424147202677944|eng|0.02976419224024488|cym|0.030917830848316116
gai|geb|0.0009527323617212381|msy|0.0013233237211075367|tbc|0.0077468172503695155|kyc|0.008607293495205708|med|0.008760692692871566
gam|kue|0.0009369228964049641|snp|0.002681635926687483|med|0.003519880091238589|boj|0.004433838032363653|kyc|0.004835272744322739
gbk|xnr|0.0026500845097798577|dgo|0.004182863100350741|kfx|0.0047923925145930265|mjl|0.005048024149608475|kfs|0.0054307971775700405
geb|msy|0.000746041210526759|gai|0.0009527323617212381|tbc|0.007407009432135523|kyc|0.0077268670741880005|med|0.007832777336280428
gle|cym|0.01399157721221969|eng|0.022171190410499312|nld|0.0431963057068159|fra|0.04465264872425411|ltz|0.05160960023427702
glg|ast|0.006303868658338297|por|0.013177108432487247|spa|0.028643718866024168|cat|0.03802910468767456|fra|0.04921692068729563
glk|azj|0.0258137318400062|hye|0.026389587328521993|sdh|0.027751560015806677|pes|0.028302083759668265|kat|0.03688559609947318
gng|tbz|0.002651835524412386|xon|0.0033354777755223814|soy|0.003840617825911962|dop|0.0066618557190149755|gux|0.00846102023090587
grc|ell|0.009641441099162693|mkd|0.009895520210918884|bul|0.023638214890778504|srp|0.025033333459739238|bos|0.03019573829863034
gub|urb|0.012651684287080843|txu|0.03713033542031788|kyz|0.06527588723952531|srm|0.06889728404788394|djk|0.07032550683871186
guh|cui|0.005082605168745142|tuf|0.018204925788605008|guo|0.02263765379304728|gvc|0.02641411356118986|cbv|0.02744138069649
guj|snd|0.021202753287036132|urd|0.024475903207817257|hin|0.03267562967127291|mar|0.0392031961845061|bgc|0.042922100665975356
gum|inb|0.008736185898669275|sja|0.01033709969808844|kwi|0.012273644027545941|snn|0.01277192342350151|con|0.012895480478338817
guo|tav|0.014854736692411346|gvc|0.01616269540283332|sri|0.016438486680529354|cbv|0.016848479248187918|tue|0.017077786946767225
gux|tbz|0.008367668816902436|gng|0.00846102023090587|soy|0.009555774921254812|mkl|0.010288469115124292|xon|0.01161084821180229
gvc|cbv|0.0010381998839688851|tuo|0.002740747509746994|pir|0.0031641903291537|tue|0.004593879904810209|sri|0.0049123735361448345
gwi|dgr|0.06390922472685368|pao|0.1682664012911573|tew|0.2103009768566992|ood|0.22240820926460078|isl|0.24030348884744368
gym|tfr|0.003417291090199008|sab|0.006390922991141935|cuk|0.022522336406242315|noa|0.024225960847300235|emp|0.02815817280756675
gyr|cax|0.0052690867999851095|nab|0.014186711807414215|ign|0.020260018258523957|pab|0.02401537115486153|cap|0.0366976017362928
hat|acf|0.06030537116812225|cuk|0.06284815435468227|noa|0.06515429443037457|tuf|0.06586142419423181|kvn|0.06595939579580501
hau|nin|0.012244337164566672|kdl|0.02296279826499019|bqp|0.024934160628348863|atg|0.026225215172232405|xed|0.026833047158445637
heb|arb|0.046198614620794866|tur|0.049558841108551015|sdh|0.05556333274891652|hye|0.06684866810480161|ell|0.06758498179288966
hin|bgc|0.02274911961554509|pan|0.028663493277965964|guj|0.03267562967127291|bfz|0.03339102487794255|kfs|0.03540552795756641
hlt|zyp|0.004897412271111723|cek|0.011030332646164615|ben|0.014927088318150861|asm|0.017223422403673954|atb|0.028604322814376082
hns|srn|0.0005922373864440312|jvn|0.003927277989006485|car|0.00832468954150092|djk|0.008687312890711625|srm|0.009742040590180285
hrv|slv|0.006079499755874786|bos|0.010321444010043758|hun|0.01603238642034895|ita|0.019257494766994718|slk|0.019735250103713964
hto|huu|0.004610363318174225|bmr|0.005356669904713404|boa|0.005372932695113912|arl|0.011090290204657448|yad|0.011533959855905232
hub|jiv|0.003202398204975772|cbu|0.005959353286789236|agr|0.0072452972534734|acu|0.007566348856948257|cbt|0.011128218251602304
hun|slk|0.009676544932020562|hrv|0.01603238642034895|srp|0.016847114179380635|ron|0.0177197739041835|slv|0.019039954467994957
huu|hto|0.004610363318174225|bmr|0.007977798451739595|arl|0.008212716883662877|boa|0.009982542759187012|sey|0.010284466919230129
huv|zai|0.0015974165178492218|mco|0.004708915862460654|mxq|0.005848366374301533|ztq|0.006174216724904435|zpm|0.0065762013726138905
hvn|nfa|0.004658600859656694|txq|0.006310826363673987|llg|0.006915778461346576|rgu|0.008010217092903353|mkn|0.009899867125604948
hye|azj|0.008274300134709126|kat|0.011473682297090743|glk|0.026389587328521993|sdh|0.040042223542421145|tur|0.051811538048326757
iba|ptu|0.04489767330076761|mqj|0.046312469352380745|jav|0.05418499553035684|ind|0.05507996235996542|zlm|0.05526440837454656
ibo|ikk|0.010881868624629495|bss|0.013525409706781996|ken|0.013927384206533692|atg|0.015067590621741907|nhu|0.02084822222293757
ign|tna|0.017151616910020543|qul|0.01867334956978262|gyr|0.020260018258523957|cax|0.021232056780437145|ese|0.021979480006180892
ikk|atg|0.004394915317818289|ibo|0.010881868624629495|yor|0.01521952378027447|ken|0.018492203370364727|nin|0.0186518686893979
imo|med|0.003311496377921352|kyc|0.0034204542362454345|kue|0.0054152351087134905|gam|0.00565261084906268|ipi|0.006506920708782616
inb|con|0.004172544989347886|snn|0.006004862929813336|kwi|0.0083158947491985|gum|0.008736185898669275|sey|0.010872064206076238
ind|jav|0.003002081420291625|iba|0.05507996235996542|ptu|0.05769808983182711|mqj|0.059009665650356084|zlm|0.0630338112423166
iou|met|0.002496087812780351|bjr|0.0028324793465784575|bzh|0.0033045390707394044|dah|0.0036751458007453133|nca|0.0037935596923931733
ipi|kyc|0.005731985636835691|imo|0.006506920708782616|med|0.007017769996797006|urt|0.010225286684942065|gam|0.010537309778186994
isl|gle|0.06597251545050659|cym|0.07760530852803098|eng|0.07824035218106891|dan|0.09312213824519323|nld|0.09488683236856857
ita|lat|0.006403946857587368|bos|0.018352733004501433|hrv|0.019257494766994718|slv|0.019715164679749146|oci|0.024259434632579378
jac|knj|0.0010290321361985687|agu|0.0026116462342385804|ttc|0.0026583289551133475|usp|0.00446279248199468|lac|0.007632091151327572
jav|ind|0.003002081420291625|iba|0.05418499553035684|ptu|0.05917715100275477|zlm|0.06014769621041813|mqj|0.06052802014707411
jic|cab|0.003847298741116372|caa|0.01186629478350894|kek|0.012503129228358717|mop|0.014331687153353671|bzj|0.017313236255840636
jiv|hub|0.003202398204975772|acu|0.006193285786324822|cbu|0.00821252474413058|agr|0.010328887251762984|cbt|0.014259008922617198
jvn|hns|0.003927277989006485|srn|0.0040327479758059965|srm|0.006850757532027331|djk|0.007266160273946505|car|0.012247591347034409
kam|kik|0.01001273739226369|luo|0.019628197507659935|sxb|0.02171933343423222|ziw|0.02231461551894807|ngp|0.02320579664618113
kan|tel|0.021068502678340265|mal|0.022374413883415798|tam|0.022465354570912238|mar|0.02422221916065302|guj|0.05691340436085023
kaq|shp|0.003845656146907357|qvs|0.012724775813303208|cbr|0.01279850922843923|ura|0.013419248991251416|cbt|0.014598396091145898
kat|hye|0.011473682297090743|azj|0.012232606549255644|glk|0.03688559609947318|tur|0.04728790854647314|sdh|0.05119940395813495
kaz|uzn|0.057792026057204834|tgk|0.0695346753989556|rus|0.08062547854874207|chv|0.08390294565336805|bhd|0.10092510344839434
kdc|ruf|0.002653875412141438|cwe|0.005167637502923065|vid|0.005379162566836574|swh|0.00578046199441166|ngp|0.008025909949979735
kde|mgh|0.006982274240235511|wmw|0.010201304634017246|nnq|0.010717401128522347|swh|0.01833210035739974|poy|0.021115291546846934
kdl|bqp|0.00316640088028245|bus|0.005979957600023696|bqc|0.008162244542715897|bba|0.010379176378953655|mkl|0.012783201328315483
kea|wol|0.04423684616261334|knf|0.04528765487935299|sus|0.061302177482975485|yal|0.07263970103600474|spp|0.09787616719741472
kek|caa|0.003102417223376229|mop|0.005474296217071377|acr|0.006176817407353285|usp|0.008824429000153358|agu|0.01111455615590261
ken|bss|0.003679436940451904|nhu|0.007099496688367627|ibo|0.013927384206533692|ikk|0.018492203370364727|nin|0.01959826584145215
kfs|mjl|0.001956221133015243|xnr|0.0032845388421839914|kfx|0.004164605671121775|bfz|0.004586145607865863|gbk|0.0054307971775700405
kfx|mjl|0.0022659740473741|kfs|0.004164605671121775|bfz|0.004631966272761315|gbk|0.0047923925145930265|xnr|0.004804257563199356
khm|lao|0.04080331767311643|vie|0.04791258078097269|zsm|0.05281408076270615|zlm|0.0574391888149468|iba|0.07028982032724122
kik|kam|0.01001273739226369|luo|0.012904733593383377|spy|0.013503508435303967|sxb|0.015015217888939949|lug|0.025964125145217454
kje|lex|0.004272634128540266|mkn|0.022990673620357387|rgu|0.02534913464290702|llg|0.0271572265724909|txq|0.027821834574687655
klv|lww|0.0030898327215899734|upv|0.0037327832285545866|tgp|0.006955573999726547|tnn|0.017700185382173408|tnp|0.0185199415919415
kmu|kyg|0.0007023381602430015|awb|0.0017149012626458844|omw|0.0018189217087585645|snp|0.00222109403967796|agd|0.002236989622727192
kne|prf|0.008998481976444624|sgb|0.009261797076419305|fil|0.0294596256455615|agn|0.03540987118198419|cgc|0.035612575253575134
knf|sus|0.016560985488634376|wol|0.01666231968982265|yal|0.027450863014254676|kea|0.04528765487935299|spp|0.053836231677511386
knj|jac|0.0010290321361985687|ttc|0.0016321571250080362|agu|0.0031773881906000407|usp|0.005265015608208211|lac|0.008208834557612274
kor|cmn|0.04865623439688831|xng|0.09652536477834431|prf|0.11600587961569245|kne|0.11866941617673948|sgb|0.12788116774516708
ksr|bmu|0.0010226125357517153|ded|0.0012064184480142428|mpp|0.0017113240775486363|bzh|0.00439777575188535|met|0.005093371846453836
kue|gam|0.0009369228964049641|snp|0.0019478790408601022|med|0.0038504860717082563|kyg|0.004146593126019109|kmu|0.004168967382558888
kvn|emp|0.004973241343868433|noa|0.005569303641663261|cuk|0.009244255862550744|sja|0.020322705944808943|sab|0.02280897003584047
kwd|kwf|0.00133059910388949|lgl|0.001394040886116897|far|0.0020021837287899588|nlg|0.00432393873084455|apb|0.0045965311480884044
kwf|lgl|0.0004857471654866143|far|0.0009771281378142872|kwd|0.00133059910388949|nlg|0.0037527764371012066|bgt|0.005724225173496886
kwi|cbi|0.004829743821848795|inb|0.0083158947491985|con|0.008796996241867867|cof|0.009333735124402925|gum|0.012273644027545941
kyc|med|0.0013472930262773235|imo|0.0034204542362454345|gam|0.004835272744322739|kue|0.005197626750013171|ipi|0.005731985636835691
kyf|yre|0.00574782192952921|cme|0.018104606330996687|spp|0.024394702973015693|box|0.02733609183015679|myk|0.029675824442103635
kyg|kmu|0.0007023381602430015|awb|0.0017010363285354262|snp|0.002249404275453576|omw|0.0024143364758506093|tbg|0.0027458446218418075
kyq|daa|0.0029063229793498987|bjv|0.01770391467518639|muy|0.021947214263006526|mqb|0.022286045591169618|meq|0.022741657304514325
kyz|pab|0.020936194274843237|nab|0.027521393248155657|txu|0.02875393447114719|gyr|0.04169349735805664|cax|0.045486013712269076
lac|ctu|0.006137193588889321|jac|0.007632091151327572|knj|0.008208834557612274|agu|0.009368245720266974|ttc|0.009390261076357365
lao|vie|0.019690217555141165|atb|0.03562138003108588|khm|0.04080331767311643|cek|0.05031307952877392|zyp|0.05167699694133307
lat|ita|0.006403946857587368|bos|0.02168293150620734|hrv|0.024771374130812304|slv|0.02590199647735433|oci|0.026051550509280038
lbb|rai|0.002067851737619425|mee|0.009107457624804496|ata|0.010915782139279516|mbh|0.013598538693299527|bnp|0.0155317456714415
lex|kje|0.004272634128540266|mkn|0.026313989026344617|alp|0.02813340645349952|rgu|0.028609753130091047|llg|0.03035810371462097
lgl|kwf|0.0004857471654866143|kwd|0.001394040886116897|far|0.00142765504724448|nlg|0.003298349454084983|bgt|0.005497589150480756
lid|tbc|0.014694677400133962|gai|0.015224492990069857|msy|0.01558677401260746|geb|0.01593478332348591|apr|0.017898976646812798
lin|umb|0.044859286198142466|mcp|0.04890308433722392|bss|0.060343946623571024|ken|0.06374649231327101|nhu|0.06510236643979533
lit|lvs|0.01033761584035502|bel|0.011915128687357003|ekk|0.0197952110397116|pol|0.02548455828382424|swe|0.03253865493781516
llg|txq|0.0006953691392628046|rgu|0.001876772218594292|nfa|0.0023344111253823887|mkn|0.004276403986567159|hvn|0.006915778461346576
loz|toi|0.012641629491464232|sna|0.026784401832016476|afr|0.03637332191712479|nya|0.04601064104935636|bem|0.046300589611467845
ltz|nld|0.01350071210529699|fra|0.01786952772002082|deu|0.023734383933176995|dan|0.030830157908591015|oci|0.030909984492795837
lug|sxb|0.014097938915115925|spy|0.014122323038374612|luo|0.01573782649244097|kik|0.025964125145217454|amf|0.03433925469200205
luo|sxb|0.00215362073442272|spy|0.010801430150231836|kik|0.012904733593383377|lug|0.01573782649244097|kam|0.019628197507659935
lvs|ekk|0.010186611807004422|lit|0.01033761584035502|bel|0.021590376425347717|swe|0.024811080853580858|pol|0.03355304733672475
lww|klv|0.0030898327215899734|upv|0.006716172594018796|tgp|0.009897393642503272|tnn|0.015335527606912442|tnp|0.016144220597818358
maj|vmy|0.0005265320993430384|maq|0.0009018867619449693|cuc|0.0010153826903291647|cpa|0.001367737866802598|miz|0.0014181968531161112
mal|tam|0.012404936939122348|kan|0.022374413883415798|tel|0.03936983822728255|mar|0.046143877640848506|ory|0.0770002270011499
maq|vmy|0.0004500335909030166|miz|0.0005181225900502188|maj|0.0009018867619449693|cso|0.0014472053286865919|cuc|0.0015610953724661779
mar|tel|0.013578919940879463|kan|0.02422221916065302|hin|0.03914756392202031|guj|0.0392031961845061|tam|0.042629133662013825
maz|otq|0.0022921685013402872|ote|0.003638315909229159|ncj|0.010885828341442154|tpt|0.010928918984746322|nhw|0.011143122678894404
mbb|mbt|0.0018707106718666674|obo|0.0025451170128383844|bkd|0.0027403385817194046|ceb|0.004712440525521274|bpr|0.00814997450457035
mbc|wap|0.00984844081054854|ake|0.010796127757570075|car|0.020575139566345563|hns|0.028185778968570004|srn|0.028369090810885216
mbh|ata|0.002696286185276348|bnp|0.003744060993179284|mee|0.004506011094088579|lbb|0.013598538693299527|rai|0.013684290547551704
mbj|cbc|0.019937190124676908|pir|0.02025141939222462|tuo|0.02080121034431791|cbv|0.021629236493055266|myy|0.021831167117131366
mbt|mbb|0.0018707106718666674|obo|0.002407561461301279|bkd|0.002837016737854143|ceb|0.005716953909533493|bpr|0.008423468786254362
mca|cax|0.05113883238451195|quh|0.05121248980678627|gyr|0.05561308702742614|pab|0.057661111360867205|nab|0.05995347288181971
mcb|cot|0.0062652160840671175|pib|0.007155557821884683|cni|0.0077293652127504425|not|0.011043188051965207|qve|0.011353319699400176
mcd|cbs|0.0008335740994105665|yaa|0.0025974383625534934|cpb|0.011485897124380395|pib|0.013802707991437431|mcb|0.01462164813477493
mco|mxq|0.0020551801981276855|cle|0.0032134740728361377|mto|0.003308661431049767|zpc|0.0034741469568361906|zai|0.004265875363601362
mcp|nhu|0.0185336625859241|bss|0.019463735584384145|ken|0.021052787706386154|ibo|0.03253427710509686|bjv|0.03377519193008463
mcq|bjz|0.0027111439436450367|bbb|0.003317116036194719|tpi|0.0061621016347091755|rro|0.01034149764552547|mox|0.01257383110902015
mdy|amf|0.005398599971382114|udu|0.023510321212706683|spy|0.030035170331577054|kik|0.034359894696545615|amh|0.03494916961897274
med|kyc|0.0013472930262773235|imo|0.003311496377921352|gam|0.003519880091238589|kue|0.0038504860717082563|snp|0.005746158448829159
mee|ata|0.0018898611655929441|mbh|0.004506011094088579|bnp|0.007095848506725285|lbb|0.009107457624804496|rai|0.009336271572943025
meq|mqb|0.00046237218470349475|muy|0.0009221032485896207|xed|0.0024501678863683|bjv|0.02109348558043434|kyq|0.022741657304514325
met|iou|0.002496087812780351|dah|0.002691741700302375|apr|0.0035800215834286245|bmu|0.0042294431366300764|nca|0.004266097566874097
mgh|kde|0.006982274240235511|wmw|0.010245290090081379|nnq|0.012621810054152896|swh|0.021268107584724177|poy|0.021777481797488694
mib|mie|0.0006085449341543364|mpm|0.0012112096741279644|xtm|0.0013803670517738614|trc|0.0016863741442385833|xtd|0.002223700668011008
mie|mib|0.0006085449341543364|trc|0.001168193921465121|xtm|0.0014100114322801289|mpm|0.0017877574336674276|xtd|0.002332299459976803
mih|mxt|0.0010645507948637|mio|0.0010961042201804096|azg|0.001280315790837884|mpm|0.0028460992952008455|mib|0.003693878815205592
mil|zpl|0.0019569500812128067|zac|0.0020163905631332634|zab|0.0022080522690644433|xtd|0.0025721505976396054|zaa|0.0028590532130183186
mio|mxt|0.000929386272268233|mih|0.0010961042201804096|azg|0.0012214712302775924|mpm|0.0038595777707192266|mib|0.00457176427799825
mit|mxb|0.003315843109883255|pls|0.003494475779197573|npl|0.004507310035195892|nhy|0.005196871808878065|xtm|0.005590978978131952
miz|maq|0.0005181225900502188|vmy|0.0009342140450240022|nhy|0.0013584069218702745|maj|0.0014181968531161112|cso|0.0016116842553558948
mjl|kfs|0.001956221133015243|kfx|0.0022659740473741|bfz|0.003766615026618451|xnr|0.0038101463326157816|gbk|0.005048024149608475
mkd|grc|0.009895520210918884|srp|0.015159434680634642|bul|0.016592199589883665|ell|0.01884503263554451|bos|0.02314033227833863
mkl|bqc|0.004621259146142505|bba|0.007815148600179183|bus|0.009314945897695097|bqp|0.009642466165827887|gux|0.010288469115124292
mkn|rgu|0.002404367563086231|llg|0.004276403986567159|txq|0.0048947687834668225|nfa|0.006146577206109764|hvn|0.009899867125604948
mlt|lat|0.03448310276802738|grc|0.03938135749319799|ita|0.04047466490658522|ell|0.04090291361366962|mkd|0.04492767374389316
mop|kek|0.005474296217071377|bzj|0.006215232492969843|caa|0.008541037454723241|acr|0.009873813480886095|usp|0.01118368120007944
mox|tte|0.006427296059318647|bjz|0.010216716472829701|mcq|0.01257383110902015|mpx|0.012946621582419516|bbb|0.01491504932893751
mpm|mib|0.0012112096741279644|mie|0.0017877574336674276|xtm|0.002275521990070499|trc|0.002648905255122385|mih|0.0028460992952008455
mpp|ded|0.0005492887332173681|ksr|0.0017113240775486363|bmu|0.002335366086307045|met|0.005255380166275564|bzh|0.005972779918016833
mpx|tgo|0.006350326445808635|tte|0.00909087189211652|mox|0.012946621582419516|bjz|0.022697345078744297|mcq|0.025259251460135596
mqb|meq|0.00046237218470349475|muy|0.000513635449786099|xed|0.0027724455388178095|bjv|0.020846639261427758|kyq|0.022286045591169618
mqj|ptu|0.001600235904921645|blz|0.02444234806026792|hvn|0.04331635890864997|mkn|0.045786872853441116|nfa|0.04618143634558127
mri|tnk|0.1091066695567461|tnp|0.10969465346847486|tnn|0.11049466679807457|lww|0.12581474115667235|klv|0.12797689623342803
msy|geb|0.000746041210526759|gai|0.0013233237211075367|tbc|0.006665281948237335|med|0.00789706533066162|kyc|0.007917361023144415
mto|cle|0.0007383930339437603|zty|0.00103935164011363|zpu|0.0010656473551514493|zav|0.0014239564065288734|zpc|0.0014681430492504775
muy|mqb|0.000513635449786099|meq|0.0009221032485896207|xed|0.0029009714106625717|bjv|0.020911758648528206|kyq|0.021947214263006526
mxb|trc|0.002590028029571428|xtm|0.002646225131153242|mie|0.002707229146420998|xtd|0.003074887785825793|mib|0.0032348337817252578
mxq|mto|0.002009166100310878|mco|0.0020551801981276855|zaw|0.0023787072817175003|cle|0.0023877480420600988|zas|0.002435940300724362
mxt|mio|0.000929386272268233|mih|0.0010645507948637|azg|0.0019500824107308917|mpm|0.003839382015046877|cya|0.003854526416933899
myk|spp|0.005730352151284311|box|0.012129090791364792|cme|0.013190798780757183|kyf|0.029675824442103635|yre|0.03064386277090915
myy|bao|0.0025300642495200087|cbc|0.0026426557560650685|tue|0.0029845463390285334|sri|0.0032690489871242253|tav|0.004634655215292892
nab|pab|0.011452536398844266|gyr|0.014186711807414215|cax|0.01811168050336967|kyz|0.027521393248155657|ign|0.031922630780588226
nas|rug|0.013752606129840913|lbb|0.01971955850522189|rai|0.021691394683582846|mee|0.02420012062071481|bgt|0.025574189427040463
nca|bjr|0.0020963489115261155|agd|0.0022353941137888416|dah|0.002283613432637808|boj|0.002964314517364145|omw|0.0030564388742022938
nch|nhw|0.0023118720207475642|tpt|0.0025068544557833804|nhe|0.002748185794088124|tee|0.003711126345402821|toc|0.004956668484301873
ncj|azz|0.0022281702576753743|tos|0.002338929024325566|tee|0.002685874577727829|toc|0.0027417058541006753|tpt|0.003336833709392907
ncl|maz|0.019209503823892256|otq|0.01975042325478533|ote|0.02255112612130708|ngu|0.02321680280892048|crn|0.023245623694862935
ncu|nko|0.006192338791161975|xon|0.009723082548390383|fon|0.012039509232937949|gng|0.012800848199400713|dop|0.013098306259241422
ndj|poy|0.002764646823047656|vid|0.006958590083107041|swh|0.008831923519841921|zga|0.011190568216723588|ruf|0.011968989408644305
nfa|txq|0.00167707525158346|llg|0.0023344111253823887|rgu|0.003846387265009686|hvn|0.004658600859656694|mkn|0.006146577206109764
ngp|ziw|0.004156420810246353|cwe|0.005760339311773519|ruf|0.005961827902463005|kdc|0.008025909949979735|vid|0.010422508352697202
ngu|mit|0.005868452236336149|mxb|0.005995834044346504|trc|0.006669659134187023|mie|0.007673491152212018|mib|0.008272951307753535
nhe|tee|0.0024669603957507844|tpt|0.0024892781177987345|nch|0.002748185794088124|toc|0.003098154627614792|tos|0.0040797586521326475
nhu|ken|0.007099496688367627|bss|0.009476559993729653|nin|0.018387831145339907|mcp|0.0185336625859241|ibo|0.02084822222293757
nhw|nch|0.0023118720207475642|tpt|0.004754342216515559|nhe|0.004792790563057708|tee|0.0060193411081953165|toc|0.007265899844632128
nhy|miz|0.0013584069218702745|npl|0.0014049944341589262|maq|0.001795288335820621|vmy|0.0020677042870632352|maj|0.002593883178005586
nin|hau|0.012244337164566672|atg|0.015962829619650867|nhu|0.018387831145339907|ikk|0.0186518686893979|ken|0.01959826584145215
nko|ncu|0.006192338791161975|fon|0.00742613450486474|xon|0.01448260110293746|dop|0.014803634490742032|soy|0.016143191754391738
nld|ltz|0.01350071210529699|eng|0.021108103791684457|dan|0.021539633547601|fra|0.024699095083768493|cym|0.030879708655801925
nlg|lgl|0.003298349454084983|kwf|0.0037527764371012066|bgt|0.003777287120827428|kwd|0.00432393873084455|far|0.004485773010622309
nnq|swh|0.00866204364888905|poy|0.01041542836767992|kde|0.010717401128522347|mgh|0.012621810054152896|ndj|0.0131712769415692
noa|cuk|0.00400619453728959|kvn|0.005569303641663261|emp|0.0079427885789391|sab|0.017927624380487655|sja|0.02371562792717021
not|cni|0.0036243322228536757|cjo|0.004483149405528629|cot|0.005418318413690205|qvw|0.005502717972501638|cpu|0.0059441810019784935
npl|nhy|0.0014049944341589262|miz|0.002718981429256415|maq|0.0030870440809524927|pls|0.003111132355126966|vmy|0.0032561429854025916
nya|sna|0.021064426041604436|seh|0.029915354672927864|bem|0.030015193359606465|zga|0.03109413199952463|toi|0.033778100885502246
obo|mbt|0.002407561461301279|mbb|0.0025451170128383844|bkd|0.004921141744104229|bpr|0.006022077007713993|tbl|0.006742594551443281
oci|ita|0.024259434632579378|lat|0.026051550509280038|cat|0.02617928478295294|fra|0.028424147202677944|ltz|0.030909984492795837
omw|agd|0.0008359276597081865|tbg|0.000990616369383241|bjr|0.001416229262285208|kmu|0.0018189217087585645|awb|0.0019131565726137037
ood|tac|0.03128130028181844|tew|0.03543570361868237|pao|0.05711456642912155|stp|0.062058308274073194|crn|0.06395823747814763
ory|ben|0.03061054932224691|taj|0.036577644305252906|suz|0.036652959764364626|tel|0.04164817516105851|hlt|0.042347089741615565
ote|otq|0.0029590245724268683|maz|0.003638315909229159|nhw|0.007534780658262182|nch|0.007563945110073502|tpt|0.007576356893505888
otq|maz|0.0022921685013402872|ote|0.0029590245724268683|nhw|0.00976744516463828|nch|0.010227902461051817|tpt|0.010494365011084413
pab|nab|0.011452536398844266|kyz|0.020936194274843237|gyr|0.02401537115486153|cax|0.026531367447077837|ign|0.043101286766552414
pad|mbj|0.027502035427122123|tca|0.033155124305634574|ese|0.03736182096999077|cbs|0.043792800613711165|mcd|0.043945881334245304
pan|bgc|0.005935093769349599|kfs|0.008880541210668726|bfz|0.01042987241605887|mjl|0.01061651258140115|xnr|0.010927177310320144
pao|ood|0.05711456642912155|tew|0.06320517355048984|tac|0.0882637810774114|stp|0.1189375810259866|crn|0.12102814004690235
pes|glk|0.028302083759668265|sdh|0.031342712929521614|arb|0.052948117466245406|azj|0.05410985715228634|hye|0.054123907690649876
pib|cot|0.0021907809415356947|cjo|0.005248750323807181|cni|0.005598606008783616|not|0.006593865625791064|mcb|0.007155557821884683
pir|tuo|0.0005714783380324751|cbv|0.0021327984088513005|cbc|0.002588279410343783|tue|0.0030706290893715103|gvc|0.0031641903291537
pjt|rop|0.058672625625087044|llg|0.09940578374713785|txq|0.09950814816948567|rgu|0.10018498669724969|nfa|0.10038810373096961
pls|npl|0.003111132355126966|mit|0.003494475779197573|nhy|0.004471193103193119|miz|0.005818115509476276|maq|0.006198170916200478
poi|zpc|0.006582036527087604|cnl|0.006729037648779007|cle|0.007265819494155076|chz|0.007489258533451279|mco|0.0075557016992559844
pol|ces|0.016540448646606535|slk|0.018348808427612356|bel|0.024883804252578797|lit|0.02548455828382424|hun|0.02770183260435727
por|glg|0.013177108432487247|ast|0.016426795496404058|spa|0.029867535868656328|cat|0.04172688838180112|fra|0.06040960098782045
poy|ndj|0.002764646823047656|swh|0.007138708045716686|vid|0.007199858742524145|nnq|0.01041542836767992|kdc|0.01144742632604322
prf|kne|0.008998481976444624|sgb|0.014294114403950356|fil|0.026842317105005353|cgc|0.038583081444727975|agn|0.038664331175127555
pst|dgo|0.029693935987380488|bhd|0.03105386680603357|pan|0.03145719987705665|xnr|0.03268053837879499|snd|0.03284938559461942
ptu|mqj|0.001600235904921645|blz|0.02567846667306448|hvn|0.044091614592414806|iba|0.04489767330076761|mkn|0.04684099341051325
qub|qxh|0.0018049525105093736|qvh|0.004679705674561587|cbr|0.004898511199590751|qvm|0.005184767115877362|ame|0.005598708152209601
quf|qvc|0.008132361421915353|agr|0.009822950889716641|hub|0.014606290206366885|cbt|0.0149242182503515|qvs|0.01611792311320479
quh|cap|0.014582053092566539|ign|0.03247689659770654|cax|0.03306108168237757|gyr|0.03735208497801895|qul|0.03834511495385511
qul|tna|0.00689264867657478|ese|0.016325927082787472|ign|0.01867334956978262|qve|0.020961092572415598|mcb|0.02371336884088052
qvc|quf|0.008132361421915353|qvs|0.00920251848650649|agr|0.01015425955653575|qxn|0.011534941045011215|cbt|0.011542266859954475
qve|mcb|0.011353319699400176|cni|0.014112581861359955|cot|0.015484451240675288|pib|0.017313052175834218|not|0.017473616232354845
qvh|qxo|0.003659585838742618|qvm|0.0039023172427825963|qub|0.004679705674561587|cbr|0.0056320965593120555|qxn|0.0060076853832195486
qvm|qvh|0.0039023172427825963|qxo|0.003986442000997054|qub|0.005184767115877362|qxh|0.005812419178420867|qxn|0.006965519287143294
qvn|ame|0.004586793886985476|qvw|0.006292222592971406|not|0.00771423697531544|qxh|0.007764276285602124|cpu|0.007779584949234423
qvs|cbt|0.007356965879319468|qvc|0.00920251848650649|shp|0.010224151958711894|agr|0.011518410695160748|cbr|0.011820911369463994
qvw|not|0.005502717972501638|qvn|0.006292222592971406|cni|0.00719987017254068|ame|0.00906380075216319|cjo|0.009585504724462913
qvz|arl|0.0054538160191209845|sey|0.008329877269745753|acu|0.008570312184917878|snn|0.012178190093267063|huu|0.012950579459593029
qwh|qxn|0.003031150275973875|qxo|0.004366874744363712|qvm|0.007458704714703329|qvh|0.008008841640442363|qub|0.012025617386352693
qxh|qub|0.0018049525105093736|ame|0.003855644110266452|cpu|0.005696972322417786|qvm|0.005812419178420867|qvh|0.006277175918980313
qxn|qxo|0.003003516296578513|qwh|0.003031150275973875|qvh|0.0060076853832195486|qvm|0.006965519287143294|qub|0.010532066185971254
qxo|qxn|0.003003516296578513|qvh|0.003659585838742618|qvm|0.003986442000997054|qwh|0.004366874744363712|qub|0.007774414278915822
rai|lbb|0.002067851737619425|mee|0.009336271572943025|ata|0.010994429834218538|mbh|0.013684290547551704|bnp|0.015141704234268223
rgu|llg|0.001876772218594292|mkn|0.002404367563086231|txq|0.0024922500280412305|nfa|0.003846387265009686|hvn|0.008010217092903353
ron|srp|0.014612451664768118|bul|0.017124566283766355|hun|0.0177197739041835|slk|0.023736829231216835|mkd|0.0283634060459078
rop|tcs|0.04753672886744731|pjt|0.058672625625087044|tpi|0.07091848431633369|rro|0.07100873576292153|bbb|0.07315256303882448
rro|tpi|0.0058752383068728315|bbb|0.008636176068681155|bzh|0.010058121815401794|mcq|0.01034149764552547|byr|0.01061818420278329
ruf|kdc|0.002653875412141438|vid|0.005012605577259678|cwe|0.005305948247972923|ngp|0.005961827902463005|swh|0.0076817629538393165
rug|bgt|0.013269543963460721|nas|0.013752606129840913|nlg|0.01597706790083783|lgl|0.018656769115178662|kwf|0.018941406078207
rus|chv|0.021345092676441888|ekk|0.06959044195262797|fin|0.07122752755979153|lvs|0.0771564602331475|kaz|0.08062547854874207
sab|gym|0.006390922991141935|tfr|0.009768878546433287|cuk|0.016529939830001426|noa|0.017927624380487655|emp|0.021825496067713945
sdh|glk|0.027751560015806677|arb|0.03035852939060325|pes|0.031342712929521614|hye|0.040042223542421145|azj|0.044829771080408434
seh|afr|0.02864745573505725|nya|0.029915354672927864|sna|0.031070468358175583|toi|0.043584646318273974|mgh|0.04767232344110056
sey|snn|0.005026380301787996|qvz|0.008329877269745753|arl|0.008742095613073785|con|0.009335188258195065|huu|0.010284466919230129
sgb|kne|0.009261797076419305|prf|0.014294114403950356|fil|0.02294795196076517|agn|0.026152634605457116|cgc|0.026351145149143818
shp|kaq|0.003845656146907357|cbr|0.009086429712693602|qvs|0.010224151958711894|qvh|0.013793403253656975|qub|0.013935177246093283
sja|gum|0.01033709969808844|emp|0.015905309297434386|kwi|0.017683164459295398|inb|0.018206584375213684|kvn|0.020322705944808943
slk|hun|0.009676544932020562|ces|0.015301470923978884|pol|0.018348808427612356|hrv|0.019735250103713964|slv|0.019768177055021638
slv|hrv|0.006079499755874786|deu|0.015901716956670153|bos|0.01602785352931204|hun|0.019039954467994957|ita|0.019715164679749146
sna|toi|0.014152349614763617|nya|0.021064426041604436|afr|0.026546645829321716|loz|0.026784401832016476|seh|0.031070468358175583
snd|urd|0.011476263955103976|guj|0.021202753287036132|pst|0.03284938559461942|bgc|0.038583259725606986|pan|0.03967916140080395
snn|sey|0.005026380301787996|con|0.0057951743690416|inb|0.006004862929813336|qvz|0.012178190093267063|gum|0.01277192342350151
snp|kue|0.0019478790408601022|kmu|0.00222109403967796|kyg|0.002249404275453576|gam|0.002681635926687483|omw|0.0037254414400393573
som|mdy|0.04567046838976294|amf|0.0479045893486112|amh|0.04920507293460932|kam|0.05337506391663569|kik|0.05461761392373824
soy|tbz|0.0014658102927374752|dop|0.0029846626955891396|gng|0.003840617825911962|xon|0.005821777481646468|bba|0.009282458102561517
spa|cat|0.012626756619150428|ast|0.023241525380544113|glg|0.028643718866024168|por|0.029867535868656328|oci|0.038648936396472884
spp|myk|0.005730352151284311|cme|0.009757497863592014|box|0.013203441215498275|kyf|0.024394702973015693|yre|0.02592391250963667
spy|luo|0.010801430150231836|sxb|0.011332296090989496|kik|0.013503508435303967|lug|0.014122323038374612|kam|0.023333119128122082
sri|bao|0.0007397048046922495|tue|0.0008156824045199871|tav|0.00204943315110109|myy|0.0032690489871242253|tuo|0.003473148444943483
srm|djk|0.0036666843499442163|jvn|0.006850757532027331|hns|0.009742040590180285|srn|0.010133541532775037|car|0.01712199210369129
srn|hns|0.0005922373864440312|jvn|0.0040327479758059965|car|0.008317328257617551|djk|0.009214860745965957|srm|0.010133541532775037
srp|bul|0.01365490402431639|ron|0.014612451664768118|mkd|0.015159434680634642|hun|0.016847114179380635|bos|0.01967650966577116
stp|crn|0.004831473483211682|otq|0.026071130557045075|ncl|0.026857529531855245|maz|0.027943972569352046|ote|0.02806081867273332
sus|yal|0.011637993674115898|knf|0.016560985488634376|wol|0.02896930036034947|kyf|0.0411740888999786|spp|0.04145223049290849
suz|taj|0.004271106687194501|asm|0.02630134239969947|ben|0.02709216891589383|ory|0.036652959764364626|hlt|0.04047271171010134
swe|lvs|0.024811080853580858|ekk|0.02506596809633255|lit|0.03253865493781516|fin|0.03478162253734687|dan|0.036541245506228184
swh|vid|0.005552218515946258|kdc|0.00578046199441166|poy|0.007138708045716686|ruf|0.0076817629538393165|nnq|0.00866204364888905
sxb|luo|0.00215362073442272|spy|0.011332296090989496|lug|0.014097938915115925|kik|0.015015217888939949|kam|0.02171933343423222
tac|stp|0.03078084349055902|ood|0.03128130028181844|crn|0.032785928556286724|tew|0.04751054681091642|ncl|0.05548998787112917
taj|suz|0.004271106687194501|asm|0.022032915932724006|ben|0.023517702691490422|hlt|0.03646455273456401|ory|0.036577644305252906
tam|mal|0.012404936939122348|kan|0.022465354570912238|tel|0.0328190832722431|mar|0.042629133662013825|ory|0.06671584534134856
tav|sri|0.00204943315110109|bao|0.0024770292172246263|tue|0.0028646877684728902|myy|0.004634655215292892|tuo|0.005323708204676897
tbc|boj|0.0044822166585908735|dah|0.0059117063707663|nca|0.006396092344765147|msy|0.006665281948237335|apr|0.00714752412514421
tbg|omw|0.000990616369383241|awb|0.0015592227378490068|agd|0.0017272246261028825|bjr|0.0018122873898726653|byr|0.002225061876010426
tbl|bpr|0.0025947910831907225|bps|0.004608554682770437|obo|0.006742594551443281|mbb|0.008249906591341265|mbt|0.009065711397639313
tbz|soy|0.0014658102927374752|gng|0.002651835524412386|dop|0.004448671503950332|xon|0.005288442502438421|gux|0.008367668816902436
tca|yad|0.013096118711673849|boa|0.016129267647188583|ycn|0.01723098290378912|myy|0.01948099665900494|cbc|0.020626847521586156
tcs|rro|0.02492649818768609|tpi|0.026843225499723438|imo|0.02822682667087564|byr|0.02876826206900778|awb|0.029507982717128352
tee|toc|0.0013636751128218573|tpt|0.0014339500691208141|tos|0.0021248185762733226|nhe|0.0024669603957507844|ncj|0.002685874577727829
tel|mar|0.013578919940879463|kan|0.021068502678340265|tam|0.0328190832722431|mal|0.03936983822728255|ory|0.04164817516105851
tew|ood|0.03543570361868237|tac|0.04751054681091642|pao|0.06320517355048984|stp|0.07138659296681005|crn|0.0752076981807305
tfr|gym|0.003417291090199008|sab|0.009768878546433287|cuk|0.025588060171286873|noa|0.027476759458052252|emp|0.031568175732625874
tgk|uzn|0.011798870700987441|pst|0.03851924568534812|bhd|0.04501380541258464|dgo|0.047477958780957126|gbk|0.05098163775362316
tgo|mpx|0.006350326445808635|tte|0.014227045502442215|mox|0.019060926995071323|rug|0.028256698972195803|bjz|0.028404946012909285
tgp|upv|0.003224010552199048|klv|0.006955573999726547|lww|0.009897393642503272|tnn|0.02447630172788833|tnp|0.0252972224897029
tna|qul|0.00689264867657478|ese|0.009644116270490676|ign|0.017151616910020543|mcb|0.02520379987207559|qve|0.025389246468927474
tnk|tnp|0.000608386979503602|tnn|0.0014292653335761121|lww|0.016740842550423032|klv|0.019126138317665804|upv|0.022736517643923496
tnn|tnp|0.0008210502354533086|tnk|0.0014292653335761121|lww|0.015335527606912442|klv|0.017700185382173408|upv|0.021307557477517163
tnp|tnk|0.000608386979503602|tnn|0.0008210502354533086|lww|0.016144220597818358|klv|0.0185199415919415|upv|0.022128582434233098
toc|tos|0.0009816135147562037|tee|0.0013636751128218573|azz|0.002258252882844541|ncj|0.0027417058541006753|tpt|0.0027973033711194044
toi|loz|0.012641629491464232|sna|0.014152349614763617|afr|0.02953011623282917|nya|0.033778100885502246|bem|0.039486869659377505
tos|toc|0.0009816135147562037|azz|0.0012812177014088124|tee|0.0021248185762733226|ncj|0.002338929024325566|tpt|0.003510610066959341
tpi|bbb|0.003280608802204472|rro|0.0058752383068728315|mcq|0.0061621016347091755|bjz|0.008005868734919697|bzh|0.014412711808225483
tpt|tee|0.0014339500691208141|nhe|0.0024892781177987345|nch|0.0025068544557833804|toc|0.0027973033711194044|ncj|0.003336833709392907
trc|mie|0.001168193921465121|mib|0.0016863741442385833|xtm|0.0024535430035876184|mxb|0.002590028029571428|mpm|0.002648905255122385
ttc|knj|0.0016321571250080362|jac|0.0026583289551133475|agu|0.004343305398177929|usp|0.006590732217350108|lac|0.009390261076357365
tte|mox|0.006427296059318647|mpx|0.00909087189211652|tgo|0.014227045502442215|bjz|0.01426888950798777|mcq|0.01694993459568858
tue|sri|0.0008156824045199871|bao|0.0008375031152505282|tuo|0.0027945188776148434|tav|0.0028646877684728902|cbc|0.0028747183134030614
tuf|cui|0.013153613645797087|guh|0.018204925788605008|guo|0.022100672067259675|kvn|0.028564835229514137|emp|0.030282225878226834
tuo|pir|0.0005714783380324751|cbv|0.0017036563303252856|gvc|0.002740747509746994|tue|0.0027945188776148434|cbc|0.0028902872089230417
tur|bul|0.03790660721065364|ell|0.04289677398655868|grc|0.04684051012985387|kat|0.04728790854647314|mkd|0.04770258018471211
txq|llg|0.0006953691392628046|nfa|0.00167707525158346|rgu|0.0024922500280412305|mkn|0.0048947687834668225|hvn|0.006310826363673987
txu|kyz|0.02875393447114719|gub|0.03713033542031788|urb|0.04212327248664528|pab|0.04899268659814193|nab|0.05625491805295117
udu|mdy|0.023510321212706683|amf|0.02592607719233255|amh|0.03231732285429377|dik|0.03396056672798973|spy|0.04510433222087748
ukr|bel|0.024319830859849734|ron|0.02847691701964992|lit|0.036000221965504675|bul|0.04034676359241696|slk|0.04123256390787836
umb|lin|0.044859286198142466|loz|0.06254980487864806|toi|0.0734850422782146|bem|0.08180567875391787|sna|0.08655745667395563
upv|tgp|0.003224010552199048|klv|0.0037327832285545866|lww|0.006716172594018796|tnn|0.021307557477517163|tnp|0.022128582434233098
ura|cbu|0.008472821319562432|cbt|0.010218319555034145|kaq|0.013419248991251416|acu|0.013576719112162045|arl|0.013847644133799861
urb|gub|0.012651684287080843|txu|0.04212327248664528|srm|0.05818209011847117|djk|0.05997237085128272|jvn|0.06469748769284638
urd|snd|0.011476263955103976|guj|0.024475903207817257|pst|0.0401474181003069|bgc|0.05005769675182946|hin|0.050454336541401
urk|zsm|0.0285067015062515|zlm|0.038139362980615876|khm|0.041063941384248695|lao|0.06604520617941399|vie|0.08120947563573373
urt|agg|0.008859174583176177|ipi|0.010225286684942065|gai|0.011021466672165662|geb|0.011269567306889933|msy|0.012012023969675652
usp|agu|0.0022944288564899357|acr|0.0033098590911045432|jac|0.00446279248199468|knj|0.005265015608208211|ttc|0.006590732217350108
uzn|tgk|0.011798870700987441|pst|0.04977529118682026|bhd|0.051484271338404886|dgo|0.05454623767483902|gbk|0.057571867524151964
vid|ruf|0.005012605577259678|kdc|0.005379162566836574|swh|0.005552218515946258|ndj|0.006958590083107041|poy|0.007199858742524145
vie|lao|0.019690217555141165|atb|0.042741769610067676|khm|0.04791258078097269|zyp|0.06553449861191395|cek|0.06566776018165389
vmy|maq|0.0004500335909030166|maj|0.0005265320993430384|miz|0.0009342140450240022|cuc|0.0014107830923739254|cso|0.0016656779768860314
wap|mbc|0.00984844081054854|ake|0.02062076400339573|car|0.024380976437085998|djk|0.03020826918986656|hns|0.030257829260765867
wmw|kde|0.010201304634017246|mgh|0.010245290090081379|nnq|0.020559718595047412|swh|0.028514779056019016|poy|0.03073725331840387
wol|knf|0.01666231968982265|sus|0.02896930036034947|yal|0.036722288608006255|kea|0.04423684616261334|spp|0.05520805604595124
xed|meq|0.0024501678863683|mqb|0.0027724455388178095|muy|0.0029009714106625717|bjv|0.023524210561995662|kyq|0.02467233850715605
xng|cmn|0.05689278953909708|kor|0.09652536477834431|kaz|0.13279472823158606|atb|0.14352692823409124|asm|0.14650723717593592
xnr|gbk|0.0026500845097798577|kfs|0.0032845388421839914|mjl|0.0038101463326157816|dgo|0.004695304779128873|kfx|0.004804257563199356
xon|gng|0.0033354777755223814|tbz|0.005288442502438421|soy|0.005821777481646468|dop|0.007814278396854817|ncu|0.009723082548390383
xtd|xtm|0.0009255059366840328|mib|0.002223700668011008|mie|0.002332299459976803|mil|0.0025721505976396054|mpm|0.0028759168375651015
xtm|xtd|0.0009255059366840328|mib|0.0013803670517738614|mie|0.0014100114322801289|mpm|0.002275521990070499|trc|0.0024535430035876184
yaa|cbs|0.0024919440549092784|mcd|0.0025974383625534934|cpb|0.008971019424320898|pib|0.011558962411400633|mcb|0.01336050882543362
yad|boa|0.007901448166214542|hto|0.011533959855905232|tca|0.013096118711673849|bmr|0.014219213255865296|huu|0.015529605772371476
yal|sus|0.011637993674115898|knf|0.027450863014254676|kyf|0.029925322349507507|spp|0.030948653288169217|cme|0.034723369200676965
ycn|myy|0.006188001631071385|bao|0.007512945264542477|tav|0.0077344521925888|bmr|0.007931391590723952|sri|0.008036574018921043
yka|tbl|0.014034195974292417|ceb|0.016518793427363017|bpr|0.01660893898892852|mbb|0.016708864693198298|obo|0.017464863777365246
yor|fon|0.011084138621422993|bus|0.013143400950097318|atg|0.01402479598846426|bba|0.014199506872833813|kdl|0.01511521536256204
yre|kyf|0.00574782192952921|cme|0.017874732391003227|spp|0.02592391250963667|box|0.02595012570567788|ncu|0.029997902511011594
yva|amk|0.0015827039924621554|agg|0.029466937872343828|urt|0.03766315750855925|ipi|0.04295116012851515|alp|0.04437524823360865
zaa|cco|0.0013147421967910676|zar|0.001623321970790011|cnt|0.0016558292113537944|cso|0.0020844945245845244|zab|0.0021538069228649805
zab|zac|0.001338990982452064|zad|0.0015175595302114719|zas|0.0016802843541910272|zaw|0.0018499707159410738|zav|0.0018683523143472377
zac|zpl|0.0012379491271206939|zab|0.001338990982452064|zca|0.0014660190640423145|mil|0.0020163905631332634|zaw|0.002313402597781257
zad|zav|0.0003659974510770719|zas|0.0006644614262338356|zpu|0.0007345177775004099|zty|0.0010888335521148443|zab|0.0015175595302114719
zai|huv|0.0015974165178492218|mco|0.004265875363601362|mxq|0.0058729568450764805|ztq|0.007029229889407886|cle|0.007478769961979787
zam|zpo|0.001440888902355963|zao|0.0018695325596659285|zca|0.0019230878067265928|zpm|0.0023001289532928785|cya|0.0026011250533829735
zao|zpm|0.001015020489187008|zpo|0.0012874377331168804|zam|0.0018695325596659285|ztq|0.0020202520435524925|zca|0.0034794708761794447
zar|zty|0.0010631255101218858|cco|0.0010636575803721236|zpu|0.0013798828521768643|zav|0.0014376294907989297|chz|0.0014755572007090854
zas|zad|0.0006644614262338356|zav|0.0008433055909416204|zaw|0.0009211802997800146|zpu|0.0010444597138832275|zty|0.0014745569524219546
zav|zad|0.0003659974510770719|zpu|0.00037888481238640875|zty|0.000725871919016382|zas|0.0008433055909416204|mto|0.0014239564065288734
zaw|zas|0.0009211802997800146|zad|0.0015325666795258182|zav|0.0017624516642106435|zab|0.0018499707159410738|zpu|0.0019506474197487666
zca|zpl|0.0013808657511231893|zac|0.0014660190640423145|zam|0.0019230878067265928|zpz|0.0019370087492615177|zpo|0.002396789095927559
zga|ndj|0.011190568216723588|poy|0.012501166440132333|vid|0.01798370425449186|swh|0.01962522435886935|nnq|0.02071824032161396
ziw|ngp|0.004156420810246353|cwe|0.004912763825940697|ruf|0.00837463049353089|kdc|0.009452813998432784|vid|0.013349230900879056
zlm|zsm|0.009928641673321614|iba|0.05526440837454656|khm|0.0574391888149468|jav|0.06014769621041813|ind|0.0630338112423166
zos|ctu|0.004795034310328582|chf|0.0055601826767311315|zai|0.009359479933454925|poi|0.009408302200579474|lac|0.010490147449176562
zpc|cle|0.0007430342232642691|cnl|0.0010983381446920677|mto|0.0014681430492504775|zty|0.0019473220226570195|zpu|0.0022460271418779446
zpl|zac|0.0012379491271206939|zca|0.0013808657511231893|zpz|0.0015230913174231046|mil|0.0019569500812128067|zab|0.0024819186640200287
zpm|zao|0.001015020489187008|zpo|0.0010274451223030833|ztq|0.0010328372984940476|zam|0.0023001289532928785|zca|0.003412923118739663
zpo|zpm|0.0010274451223030833|zao|0.0012874377331168804|ztq|0.0013653958299568623|zam|0.001440888902355963|zca|0.002396789095927559
zpu|zav|0.00037888481238640875|zty|0.0004308902283712978|zad|0.0007345177775004099|zas|0.0010444597138832275|mto|0.0010656473551514493
zpz|zpl|0.0015230913174231046|zca|0.0019370087492615177|cya|0.0022066599704059836|zac|0.0026761394705315513|zam|0.0027232353523625272
zsm|zlm|0.009928641673321614|khm|0.05281408076270615|iba|0.0627012902979262|jav|0.06991034148667062|ind|0.07281740422677
ztq|zpm|0.0010328372984940476|zpo|0.0013653958299568623|zao|0.0020202520435524925|zam|0.0028030862579583363|zaw|0.003007497939049434
zty|zpu|0.0004308902283712978|zav|0.000725871919016382|mto|0.00103935164011363|zar|0.0010631255101218858|zad|0.0010888335521148443
zyp|hlt|0.004897412271111723|cek|0.006564323247830486|ben|0.01858769312205342|asm|0.022120624769670694|atb|0.02762132928695716
